<metadata xml:lang="en"><Esri><CreaDate>20210118</CreaDate><CreaTime>14131300</CreaTime><ArcGISFormat>1.0</ArcGISFormat><SyncOnce>FALSE</SyncOnce><DataProperties><lineage><Process Name="Raster to Polygon (2)" ToolSource="c:\program files (x86)\arcgis\desktop10.8\ArcToolbox\Toolboxes\Conversion Tools.tbx\RasterToPolygon" Date="20210118" Time="134501">RasterToPolygon G:\Data\output_4.gdb\watersheds4 G:\Data\output_4.gdb\watersheds4_poly SIMPLIFY OBJECTID SINGLE_OUTER_PART #</Process><Process Name="Add Field" ToolSource="c:\program files (x86)\arcgis\desktop10.8\ArcToolbox\Toolboxes\Data Management Tools.tbx\AddField" Date="20210118" Time="140200">AddField G:\Data\output_4.gdb\watersheds4_poly Name TEXT # # # # NULLABLE NON_REQUIRED #</Process><Process Name="Calculate Field" ToolSource="c:\program files (x86)\arcgis\desktop10.8\ArcToolbox\Toolboxes\Data Management Tools.tbx\CalculateField" Date="20210118" Time="140929">CalculateField G:\Data\output_4.gdb\watersheds4_poly Name Type( !Id! ) PYTHON_9.3 "def Type(fld):\n      if fld == 1:\n            value = 'Fresno River'\n      elif fld == 2:\n            value = 'Fresno River'\n      elif fld == 3:\n            value = 'Fresno River'\n      elif fld == 4:\n            value = 'Ash Slough'\n      elif fld == 5:\n            value = 'Chowchilla River'\n      elif fld == 6:\n            value = 'Fresno River'\n      elif fld == 7:\n            value = 'Cottonwood Creek'\n      elif fld == 8:\n            value = 'Cottonwood Creek'\n      elif fld == 9:\n            value = 'Ash Slough'\n      elif fld == 10:\n            value = 'Dry Creek'\n      elif fld == 11:\n            value = 'Ash Slough'\n      elif fld == 12:\n            value = 'Ash Slough'\n      elif fld == 13:\n            value = 'Berenda Slough'\n      elif fld == 14:\n            value = 'Berenda Creek'\n      elif fld == 15:\n            value = 'Berenda Creek'\n      elif fld == 16:\n            value = 'Dry Creek'\n      elif fld == 17:\n            value = 'Fresno River'\n      elif fld == 18:\n            value = 'Cottonwood Creek'\n      elif fld == 19:\n            value = 'Cottonwood Creek'\n      elif fld == 20:\n            value = 'Buttonwillow Slough'\n      elif fld == 21:\n            value = 'Cottonwood Creek'\n      elif fld == 22:\n            value = 'San Joaquin River'\n\n      return value\n"</Process><Process Name="Dissolve" ToolSource="c:\program files (x86)\arcgis\desktop10.8\ArcToolbox\Toolboxes\Data Management Tools.tbx\Dissolve" Date="20210118" Time="141119">Dissolve G:\Data\output_4.gdb\watersheds4_poly G:\Data\output_4.gdb\watersheds_dissolve Name # MULTI_PART DISSOLVE_LINES</Process><Process Name="Add Field (3)" ToolSource="c:\program files (x86)\arcgis\desktop10.8\ArcToolbox\Toolboxes\Data Management Tools.tbx\AddField" Date="20210118" Time="143221">AddField G:\Data\input_3.gdb\watersheds_dissolve Levee_failures LONG # # # # NULLABLE NON_REQUIRED #</Process><Process Name="Calculate Field (2)" ToolSource="c:\program files (x86)\arcgis\desktop10.8\ArcToolbox\Toolboxes\Data Management Tools.tbx\CalculateField" Date="20210118" Time="144323">CalculateField G:\Data\input_3.gdb\watersheds_dissolve Levee_failures Type( !Name! ) PYTHON_9.3 "def Type(fld):\n      if fld == 'Ash Slough':\n            value = 6\n      elif fld == 'Berenda Slough':\n            value = 1\n      elif fld == 'Berenda Creek':\n            value = 3\n      elif fld == 'Chowchilla River':\n            value = 1\n      elif fld == 'Dry Creek':\n            value = 5\n      elif fld == 'Fresno River':\n            value = 7\n      elif fld == 'Buttonwillow Slough':\n            value = 0\n      elif fld == 'Cottonwood Creek':\n            value = 0\n      elif fld == 'San Joaquin River':\n            value = 5\n\n      return value\n"</Process><Process Name="Calculate Field (2)" ToolSource="c:\program files (x86)\arcgis\desktop10.8\ArcToolbox\Toolboxes\Data Management Tools.tbx\CalculateField" Date="20210118" Time="144449">CalculateField G:\Data\input_3.gdb\watersheds_dissolve Levee_failures Type( !Name! ) PYTHON_9.3 "def Type(fld):\n      if fld == 'Ash Slough':\n            value = 6\n      elif fld == 'Berenda Slough':\n            value = 1\n      elif fld == 'Berenda Creek':\n            value = 3\n      elif fld == 'Chowchilla River':\n            value = 1\n      elif fld == 'Dry Creek':\n            value = 5\n      elif fld == 'Fresno River':\n            value = 7\n      elif fld == 'Buttonwillow Slough':\n            value = 0\n      elif fld == 'Cottonwood Creek':\n            value = 0\n      elif fld == 'San Joaquin River':\n            value = 5\n\n      return value\n"</Process><Process Name="Add Field (4)" ToolSource="c:\program files (x86)\arcgis\desktop10.8\ArcToolbox\Toolboxes\Data Management Tools.tbx\AddField" Date="20210118" Time="145352">AddField G:\Data\input_3.gdb\watersheds_dissolve AreaAcres DOUBLE # # # # NULLABLE NON_REQUIRED #</Process><Process Name="Calculate Field (3)" ToolSource="c:\program files (x86)\arcgis\desktop10.8\ArcToolbox\Toolboxes\Data Management Tools.tbx\CalculateField" Date="20210118" Time="145829">CalculateField G:\Data\input_3.gdb\watersheds_dissolve AreaAcres [Shape_Area]*0.000247105 VB #</Process><Process Name="Join Field" ToolSource="c:\program files (x86)\arcgis\desktop10.8\ArcToolbox\Toolboxes\Data Management Tools.tbx\JoinField" Date="20210118" Time="151808">JoinField G:\Data\input_3.gdb\watersheds_dissolve Name G:\Data\scratch_3.gdb\all_catchments_dac Name AREA;percent_dac_area</Process><Process Name="Calculate Field" ToolSource="c:\program files (x86)\arcgis\desktop10.8\ArcToolbox\Toolboxes\Data Management Tools.tbx\CalculateField" Date="20210118" Time="152240">CalculateField G:\Data\input_3.gdb\watersheds_dissolve percent_dac_area "( [AREA] / [Shape_Area] ) * 100" VB #</Process><Process Name="Join Field (2)" ToolSource="c:\program files (x86)\arcgis\desktop10.8\ArcToolbox\Toolboxes\Data Management Tools.tbx\JoinField" Date="20210118" Time="154244">JoinField G:\Data\input_3.gdb\watersheds_dissolve Name G:\Data\scratch_3.gdb\all_catchments_suitable_area Name AREA</Process><Process Name="Join Field (3)" ToolSource="c:\program files (x86)\arcgis\desktop10.8\ArcToolbox\Toolboxes\Data Management Tools.tbx\JoinField" Date="20210119" Time="111831">JoinField G:\Data\input_3.gdb\watersheds_dissolve Name G:\Data\scratch_3.gdb\all_catchments_fire Name COUNT;AREA;SUM</Process><Process Name="Add Field (5)" ToolSource="c:\program files (x86)\arcgis\desktop10.8\ArcToolbox\Toolboxes\Data Management Tools.tbx\AddField" Date="20210126" Time="103133">AddField G:\Data\input_3.gdb\watersheds_dissolve dams SHORT # # # # NULLABLE NON_REQUIRED #</Process><Process Name="Add Field (6)" ToolSource="c:\program files (x86)\arcgis\desktop10.8\ArcToolbox\Toolboxes\Data Management Tools.tbx\AddField" Date="20210126" Time="103259">AddField G:\Data\input_3.gdb\watersheds_dissolve snowpack SHORT # # # # NULLABLE NON_REQUIRED #</Process><Process Name="Join Field (4)" ToolSource="c:\program files (x86)\arcgis\desktop10.8\ArcToolbox\Toolboxes\Data Management Tools.tbx\JoinField" Date="20210126" Time="111022">JoinField G:\Data\input_3.gdb\watersheds_dissolve Name G:\Data\scratch_3.gdb\dams_clip Name GRAND_ID</Process><Process Name="Join Field (4)" ToolSource="c:\program files (x86)\arcgis\desktop10.8\ArcToolbox\Toolboxes\Data Management Tools.tbx\JoinField" Date="20210126" Time="111117">JoinField G:\Data\input_3.gdb\watersheds_dissolve Name G:\Data\scratch_3.gdb\dams_clip Name CAP_MAX</Process><Process Name="Add Field (5)" ToolSource="c:\program files (x86)\arcgis\desktop10.8\ArcToolbox\Toolboxes\Data Management Tools.tbx\AddField" Date="20210126" Time="113707">AddField G:\Data\input_3.gdb\watersheds_dissolve impairment SHORT # # # # NULLABLE NON_REQUIRED #</Process><Process Name="Calculate Field (4)" ToolSource="c:\program files (x86)\arcgis\desktop10.8\ArcToolbox\Toolboxes\Data Management Tools.tbx\CalculateField" Date="20210126" Time="113707">CalculateField G:\Data\input_3.gdb\watersheds_dissolve impairment Type( !Name! ) PYTHON_9.3 "def Type(fld):\n      if fld == 'San Joaquin River':\n            value = 3\n      elif fld == 'Ash Slough':\n            value = 2\n      elif fld == 'Fresno River':\n            value = 1\n      else:\n            value = 0\n\n      return value\n"</Process><Process Name="Calculate Field (4)" ToolSource="c:\program files (x86)\arcgis\desktop10.8\ArcToolbox\Toolboxes\Data Management Tools.tbx\CalculateField" Date="20210127" Time="142534">CalculateField G:\Data\input_3.gdb\watersheds_dissolve impairment Type( !Name! ) PYTHON_9.3 "def Type(fld):\n      if fld == 'San Joaquin River':\n            value = 786\n      elif fld == 'Ash Slough':\n            value = 185\n      elif fld == 'Fresno River':\n            value = 111\n      else:\n            value = 0\n\n      return value\n"</Process><Process Name="Add Field (5)" ToolSource="c:\program files (x86)\arcgis\desktop10.8\ArcToolbox\Toolboxes\Data Management Tools.tbx\AddField" Date="20210127" Time="143457">AddField G:\Data\input_3.gdb\watersheds_dissolve impairment_mcm SHORT # # # # NULLABLE NON_REQUIRED #</Process><Process Name="Calculate Field (4)" ToolSource="c:\program files (x86)\arcgis\desktop10.8\ArcToolbox\Toolboxes\Data Management Tools.tbx\CalculateField" Date="20210127" Time="143457">CalculateField G:\Data\input_3.gdb\watersheds_dissolve impairment_mcm Type( !Name! ) PYTHON_9.3 "def Type(fld):\n      if fld == 'San Joaquin River':\n            value = 786\n      elif fld == 'Ash Slough':\n            value = 185\n      elif fld == 'Fresno River':\n            value = 111\n      else:\n            value = 0\n\n      return value\n"</Process><Process Name="Add Field (6)" ToolSource="c:\program files (x86)\arcgis\desktop10.8\ArcToolbox\Toolboxes\Data Management Tools.tbx\AddField" Date="20210127" Time="143606">AddField G:\Data\input_3.gdb\watersheds_dissolve impairment_af DOUBLE # # # # NULLABLE NON_REQUIRED #</Process><Process Name="Calculate Field (5)" ToolSource="c:\program files (x86)\arcgis\desktop10.8\ArcToolbox\Toolboxes\Data Management Tools.tbx\CalculateField" Date="20210127" Time="143825">CalculateField G:\Data\input_3.gdb\watersheds_dissolve impairment_af [impairment_mcm]*810.714402 VB #</Process><Process Name="Add Field (6)" ToolSource="c:\program files (x86)\arcgis\desktop10.8\ArcToolbox\Toolboxes\Data Management Tools.tbx\AddField" Date="20210127" Time="154822">AddField G:\Data\input_3.gdb\watersheds_dissolve area_DAC_ac DOUBLE # # # # NULLABLE NON_REQUIRED #</Process><Process Name="Calculate Field (5)" ToolSource="c:\program files (x86)\arcgis\desktop10.8\ArcToolbox\Toolboxes\Data Management Tools.tbx\CalculateField" Date="20210127" Time="154822">CalculateField G:\Data\input_3.gdb\watersheds_dissolve area_DAC_ac [AREA_1]*0.000247105 VB #</Process><Process Name="Add Field (7)" ToolSource="c:\program files (x86)\arcgis\desktop10.8\ArcToolbox\Toolboxes\Data Management Tools.tbx\AddField" Date="20210127" Time="160251">AddField G:\Data\input_3.gdb\watersheds_dissolve fire_area_ac DOUBLE # # # # NULLABLE NON_REQUIRED #</Process><Process Name="Calculate Field (6)" ToolSource="c:\program files (x86)\arcgis\desktop10.8\ArcToolbox\Toolboxes\Data Management Tools.tbx\CalculateField" Date="20210127" Time="160251">CalculateField G:\Data\input_3.gdb\watersheds_dissolve fire_area_ac [AREA_12]*0.000247105 VB #</Process><Process Name="Calculate Field (5)" ToolSource="c:\program files (x86)\arcgis\desktop10.8\ArcToolbox\Toolboxes\Data Management Tools.tbx\CalculateField" Date="20210127" Time="162726">CalculateField G:\Data\input_3.gdb\watersheds_dissolve area_DAC_ac [AREA]*0.000247105 VB #</Process><Process Name="Add Field (7)" ToolSource="c:\program files (x86)\arcgis\desktop10.8\ArcToolbox\Toolboxes\Data Management Tools.tbx\AddField" Date="20210127" Time="162726">AddField G:\Data\input_3.gdb\watersheds_dissolve fire_area_ac DOUBLE # # # # NULLABLE NON_REQUIRED #</Process><Process Name="Calculate Field (6)" ToolSource="c:\program files (x86)\arcgis\desktop10.8\ArcToolbox\Toolboxes\Data Management Tools.tbx\CalculateField" Date="20210127" Time="162726">CalculateField G:\Data\input_3.gdb\watersheds_dissolve fire_area_ac [AREA_12]*0.000247105 VB #</Process><Process Name="Add Field (8)" ToolSource="c:\program files (x86)\arcgis\desktop10.8\ArcToolbox\Toolboxes\Data Management Tools.tbx\AddField" Date="20210127" Time="163443">AddField G:\Data\input_3.gdb\watersheds_dissolve recharge_area_ac DOUBLE # # # # NULLABLE NON_REQUIRED #</Process><Process Name="Calculate Field (7)" ToolSource="c:\program files (x86)\arcgis\desktop10.8\ArcToolbox\Toolboxes\Data Management Tools.tbx\CalculateField" Date="20210127" Time="163443">CalculateField G:\Data\input_3.gdb\watersheds_dissolve recharge_area_ac [AREA_1]*0.000247105 VB #</Process><Process Name="Join Field (2)" ToolSource="c:\program files (x86)\arcgis\desktop10.8\ArcToolbox\Toolboxes\Data Management Tools.tbx\JoinField" Date="20210202" Time="105307">JoinField G:\Data\input_3.gdb\watersheds_dissolve Name G:\Data\scratch_3.gdb\all_catchments_suitable_area Name AREA</Process><Process Name="Join Field (3)" ToolSource="c:\program files (x86)\arcgis\desktop10.8\ArcToolbox\Toolboxes\Data Management Tools.tbx\JoinField" Date="20210202" Time="105505">JoinField G:\Data\input_3.gdb\watersheds_dissolve Name G:\Data\scratch_3.gdb\all_catchments_fire Name COUNT;AREA;SUM</Process><Process Name="Add Field (5)" ToolSource="c:\program files (x86)\arcgis\desktop10.8\ArcToolbox\Toolboxes\Data Management Tools.tbx\AddField" Date="20210202" Time="105555">AddField G:\Data\input_3.gdb\watersheds_dissolve impairment SHORT # # # # NULLABLE NON_REQUIRED #</Process><Process Name="Calculate Field (4)" ToolSource="c:\program files (x86)\arcgis\desktop10.8\ArcToolbox\Toolboxes\Data Management Tools.tbx\CalculateField" Date="20210202" Time="105556">CalculateField G:\Data\input_3.gdb\watersheds_dissolve impairment Type( !Name! ) PYTHON_9.3 "def Type(fld):\n      if fld == 'San Joaquin River':\n            value = 3\n      elif fld == 'Ash Slough':\n            value = 2\n      elif fld == 'Fresno River':\n            value = 1\n      else:\n            value = 0\n\n      return value\n"</Process><Process Name="Add Field (6)" ToolSource="c:\program files (x86)\arcgis\desktop10.8\ArcToolbox\Toolboxes\Data Management Tools.tbx\AddField" Date="20210202" Time="105637">AddField G:\Data\input_3.gdb\watersheds_dissolve area_DAC_ac DOUBLE # # # # NULLABLE NON_REQUIRED #</Process><Process Name="Calculate Field (5)" ToolSource="c:\program files (x86)\arcgis\desktop10.8\ArcToolbox\Toolboxes\Data Management Tools.tbx\CalculateField" Date="20210202" Time="105638">CalculateField G:\Data\input_3.gdb\watersheds_dissolve area_DAC_ac [AREA]*0.000247105 VB #</Process><Process Name="Add Field (7)" ToolSource="c:\program files (x86)\arcgis\desktop10.8\ArcToolbox\Toolboxes\Data Management Tools.tbx\AddField" Date="20210202" Time="105639">AddField G:\Data\input_3.gdb\watersheds_dissolve fire_area_ac DOUBLE # # # # NULLABLE NON_REQUIRED #</Process><Process Name="Calculate Field (6)" ToolSource="c:\program files (x86)\arcgis\desktop10.8\ArcToolbox\Toolboxes\Data Management Tools.tbx\CalculateField" Date="20210202" Time="105639">CalculateField G:\Data\input_3.gdb\watersheds_dissolve fire_area_ac [AREA_12]*0.000247105 VB #</Process><Process Name="Add Field (8)" ToolSource="c:\program files (x86)\arcgis\desktop10.8\ArcToolbox\Toolboxes\Data Management Tools.tbx\AddField" Date="20210202" Time="105640">AddField G:\Data\input_3.gdb\watersheds_dissolve recharge_area_ac DOUBLE # # # # NULLABLE NON_REQUIRED #</Process><Process Name="Calculate Field (7)" ToolSource="c:\program files (x86)\arcgis\desktop10.8\ArcToolbox\Toolboxes\Data Management Tools.tbx\CalculateField" Date="20210202" Time="105641">CalculateField G:\Data\input_3.gdb\watersheds_dissolve recharge_area_ac [AREA_1]*0.000247105 VB #</Process><Process Name="Calculate Field (7)" ToolSource="c:\program files (x86)\arcgis\desktop10.8\ArcToolbox\Toolboxes\Data Management Tools.tbx\CalculateField" Date="20210202" Time="110836">CalculateField G:\Data\input_3.gdb\watersheds_dissolve recharge_area_ac [AREA_12_13]*0.000247105 VB #</Process><Process Name="Calculate Field (4)" ToolSource="c:\program files (x86)\arcgis\desktop10.8\ArcToolbox\Toolboxes\Data Management Tools.tbx\CalculateField" Date="20210203" Time="111526">CalculateField G:\Data\input_3.gdb\watersheds_dissolve impairment Type( !Name! ) PYTHON_9.3 "def Type(fld):\n      if fld == 'San Joaquin River':\n            value = 730\n      elif fld == 'Ash Slough':\n            value = 185\n      elif fld == 'Fresno River':\n            value = 111\n      else:\n            value = 0\n\n      return value\n"</Process><Process Name="Add Field (6)" ToolSource="c:\program files (x86)\arcgis\desktop10.8\ArcToolbox\Toolboxes\Data Management Tools.tbx\AddField" Date="20210203" Time="112024">AddField G:\Data\input_3.gdb\watersheds_dissolve area_DAC_ac DOUBLE # # # # NULLABLE NON_REQUIRED #</Process><Process Name="Calculate Field (5)" ToolSource="c:\program files (x86)\arcgis\desktop10.8\ArcToolbox\Toolboxes\Data Management Tools.tbx\CalculateField" Date="20210203" Time="112025">CalculateField G:\Data\input_3.gdb\watersheds_dissolve area_DAC_ac [AREA]*0.000247105 VB #</Process><Process Name="Add Field (7)" ToolSource="c:\program files (x86)\arcgis\desktop10.8\ArcToolbox\Toolboxes\Data Management Tools.tbx\AddField" Date="20210203" Time="112026">AddField G:\Data\input_3.gdb\watersheds_dissolve fire_area_ac DOUBLE # # # # NULLABLE NON_REQUIRED #</Process><Process Name="Calculate Field (6)" ToolSource="c:\program files (x86)\arcgis\desktop10.8\ArcToolbox\Toolboxes\Data Management Tools.tbx\CalculateField" Date="20210203" Time="112026">CalculateField G:\Data\input_3.gdb\watersheds_dissolve fire_area_ac [AREA_12]*0.000247105 VB #</Process><Process Name="Add Field (8)" ToolSource="c:\program files (x86)\arcgis\desktop10.8\ArcToolbox\Toolboxes\Data Management Tools.tbx\AddField" Date="20210203" Time="112027">AddField G:\Data\input_3.gdb\watersheds_dissolve recharge_area_ac DOUBLE # # # # NULLABLE NON_REQUIRED #</Process><Process Name="Calculate Field (7)" ToolSource="c:\program files (x86)\arcgis\desktop10.8\ArcToolbox\Toolboxes\Data Management Tools.tbx\CalculateField" Date="20210203" Time="112028">CalculateField G:\Data\input_3.gdb\watersheds_dissolve recharge_area_ac [AREA_1]*0.000247105 VB #</Process><Process Name="Add Field (6)" ToolSource="c:\program files (x86)\arcgis\desktop10.8\ArcToolbox\Toolboxes\Data Management Tools.tbx\AddField" Date="20210203" Time="170415">AddField G:\Data\input_3.gdb\watersheds_dissolve area_DAC_ac DOUBLE # # # # NULLABLE NON_REQUIRED #</Process><Process Name="Calculate Field (5)" ToolSource="c:\program files (x86)\arcgis\desktop10.8\ArcToolbox\Toolboxes\Data Management Tools.tbx\CalculateField" Date="20210203" Time="170416">CalculateField G:\Data\input_3.gdb\watersheds_dissolve area_DAC_ac [AREA]*0.000247105 VB #</Process><Process Name="Add Field (7)" ToolSource="c:\program files (x86)\arcgis\desktop10.8\ArcToolbox\Toolboxes\Data Management Tools.tbx\AddField" Date="20210203" Time="170416">AddField G:\Data\input_3.gdb\watersheds_dissolve fire_area_ac DOUBLE # # # # NULLABLE NON_REQUIRED #</Process><Process Name="Calculate Field (6)" ToolSource="c:\program files (x86)\arcgis\desktop10.8\ArcToolbox\Toolboxes\Data Management Tools.tbx\CalculateField" Date="20210203" Time="170417">CalculateField G:\Data\input_3.gdb\watersheds_dissolve fire_area_ac [AREA_12]*0.000247105 VB #</Process><Process Name="Add Field (8)" ToolSource="c:\program files (x86)\arcgis\desktop10.8\ArcToolbox\Toolboxes\Data Management Tools.tbx\AddField" Date="20210203" Time="170417">AddField G:\Data\input_3.gdb\watersheds_dissolve recharge_area_ac DOUBLE # # # # NULLABLE NON_REQUIRED #</Process><Process Name="Calculate Field (7)" ToolSource="c:\program files (x86)\arcgis\desktop10.8\ArcToolbox\Toolboxes\Data Management Tools.tbx\CalculateField" Date="20210203" Time="170418">CalculateField G:\Data\input_3.gdb\watersheds_dissolve recharge_area_ac [AREA_1]*0.000247105 VB #</Process><Process Name="Join Field (4)" ToolSource="c:\program files (x86)\arcgis\desktop10.8\ArcToolbox\Toolboxes\Data Management Tools.tbx\JoinField" Date="20210204" Time="162006">JoinField G:\Data\input_3.gdb\watersheds_dissolve Name G:\Data\scratch_3.gdb\all_catchments_flood Name COUNT;AREA</Process><Process Name="Add Field (9)" ToolSource="c:\program files (x86)\arcgis\desktop10.8\ArcToolbox\Toolboxes\Data Management Tools.tbx\AddField" Date="20210204" Time="162157">AddField G:\Data\input_3.gdb\watersheds_dissolve flood_area_ac DOUBLE # # # # NULLABLE NON_REQUIRED #</Process><Process Name="Calculate Field (11)" ToolSource="c:\program files (x86)\arcgis\desktop10.8\ArcToolbox\Toolboxes\Data Management Tools.tbx\CalculateField" Date="20210204" Time="162157">CalculateField G:\Data\input_3.gdb\watersheds_dissolve flood_area_ac [AREA_12_13_14_15]*0.000247105 VB #</Process><Process ToolSource="c:\program files (x86)\arcgis\desktop10.8\ArcToolbox\Toolboxes\Conversion Tools.tbx\FeatureClassToFeatureClass" Date="20210224" Time="132543">FeatureClassToFeatureClass G:\Data\input_3.gdb\watersheds_dissolve G:\transfer_for_shiny watersheds_dissolve.shp # "Name "Name" true true false 255 Text 0 0 ,First,#,G:\Data\input_3.gdb\watersheds_dissolve,Name,-1,-1;Shape_Leng "Shape_Leng" false true true 8 Double 0 0 ,First,#,G:\Data\input_3.gdb\watersheds_dissolve,Shape_Length,-1,-1;Shape_Area "Shape_Area" false true true 8 Double 0 0 ,First,#,G:\Data\input_3.gdb\watersheds_dissolve,Shape_Area,-1,-1;Levee_fail "Levee_fail" true true false 4 Long 0 0 ,First,#,G:\Data\input_3.gdb\watersheds_dissolve,Levee_failures,-1,-1;AreaAcres "AreaAcres" true true false 8 Double 0 0 ,First,#,G:\Data\input_3.gdb\watersheds_dissolve,AreaAcres,-1,-1;AREA "AREA" true true false 8 Double 0 0 ,First,#,G:\Data\input_3.gdb\watersheds_dissolve,AREA,-1,-1;percent_da "percent_da" true true false 4 Float 0 0 ,First,#,G:\Data\input_3.gdb\watersheds_dissolve,percent_dac_area,-1,-1;AREA_1 "AREA_1" true true false 8 Double 0 0 ,First,#,G:\Data\input_3.gdb\watersheds_dissolve,AREA_1,-1,-1;COUNT "COUNT" true true false 4 Long 0 0 ,First,#,G:\Data\input_3.gdb\watersheds_dissolve,COUNT,-1,-1;AREA_12 "AREA_12" true true false 8 Double 0 0 ,First,#,G:\Data\input_3.gdb\watersheds_dissolve,AREA_12,-1,-1;SUM "SUM" true true false 8 Double 0 0 ,First,#,G:\Data\input_3.gdb\watersheds_dissolve,SUM,-1,-1;dams "dams" true true false 2 Short 0 0 ,First,#,G:\Data\input_3.gdb\watersheds_dissolve,dams,-1,-1;snowpack "snowpack" true true false 2 Short 0 0 ,First,#,G:\Data\input_3.gdb\watersheds_dissolve,snowpack,-1,-1;GRAND_ID "GRAND_ID" true true false 4 Long 0 0 ,First,#,G:\Data\input_3.gdb\watersheds_dissolve,GRAND_ID,-1,-1;CAP_MAX "CAP_MAX" true true false 8 Double 0 0 ,First,#,G:\Data\input_3.gdb\watersheds_dissolve,CAP_MAX,-1,-1;impairment "impairment" true true false 2 Short 0 0 ,First,#,G:\Data\input_3.gdb\watersheds_dissolve,impairment,-1,-1;impairme_1 "impairme_1" true true false 2 Short 0 0 ,First,#,G:\Data\input_3.gdb\watersheds_dissolve,impairment_mcm,-1,-1;impairme_2 "impairme_2" true true false 8 Double 0 0 ,First,#,G:\Data\input_3.gdb\watersheds_dissolve,impairment_af,-1,-1;area_DAC_a "area_DAC_a" true true false 8 Double 0 0 ,First,#,G:\Data\input_3.gdb\watersheds_dissolve,area_DAC_ac,-1,-1;fire_area_ "fire_area_" true true false 8 Double 0 0 ,First,#,G:\Data\input_3.gdb\watersheds_dissolve,fire_area_ac,-1,-1;recharge_a "recharge_a" true true false 8 Double 0 0 ,First,#,G:\Data\input_3.gdb\watersheds_dissolve,recharge_area_ac,-1,-1;AREA_12_13 "AREA_12_13" true true false 8 Double 0 0 ,First,#,G:\Data\input_3.gdb\watersheds_dissolve,AREA_12_13,-1,-1;COUNT_1 "COUNT_1" true true false 4 Long 0 0 ,First,#,G:\Data\input_3.gdb\watersheds_dissolve,COUNT_1,-1,-1;AREA_12_14 "AREA_12_14" true true false 8 Double 0 0 ,First,#,G:\Data\input_3.gdb\watersheds_dissolve,AREA_12_13_14,-1,-1;SUM_1 "SUM_1" true true false 8 Double 0 0 ,First,#,G:\Data\input_3.gdb\watersheds_dissolve,SUM_1,-1,-1;COUNT_12 "COUNT_12" true true false 4 Long 0 0 ,First,#,G:\Data\input_3.gdb\watersheds_dissolve,COUNT_12,-1,-1;AREA_12_15 "AREA_12_15" true true false 8 Double 0 0 ,First,#,G:\Data\input_3.gdb\watersheds_dissolve,AREA_12_13_14_15,-1,-1;flood_area "flood_area" true true false 8 Double 0 0 ,First,#,G:\Data\input_3.gdb\watersheds_dissolve,flood_area_ac,-1,-1" #</Process></lineage><itemProps><itemName Sync="TRUE">watersheds_dissolve</itemName><imsContentType Sync="TRUE">002</imsContentType><itemLocation><linkage Sync="TRUE">file://\\esm.ucsb.edu\groupprojects\GroupProjects2021\floodforward\transfer_for_shiny\watersheds_dissolve.shp</linkage><protocol Sync="TRUE">Local Area Network</protocol></itemLocation><itemSize Sync="TRUE">0.000</itemSize></itemProps><coordRef><type Sync="TRUE">Projected</type><geogcsn Sync="TRUE">GCS_NAD_1983_2011</geogcsn><csUnits Sync="TRUE">Linear Unit: Meter (1.000000)</csUnits><projcsn Sync="TRUE">NAD_1983_2011_California_Teale_Albers</projcsn><peXml Sync="TRUE">&lt;ProjectedCoordinateSystem xsi:type='typens:ProjectedCoordinateSystem' xmlns:xsi='http://www.w3.org/2001/XMLSchema-instance' xmlns:xs='http://www.w3.org/2001/XMLSchema' xmlns:typens='http://www.esri.com/schemas/ArcGIS/10.8'&gt;&lt;WKT&gt;PROJCS[&amp;quot;NAD_1983_2011_California_Teale_Albers&amp;quot;,GEOGCS[&amp;quot;GCS_NAD_1983_2011&amp;quot;,DATUM[&amp;quot;D_NAD_1983_2011&amp;quot;,SPHEROID[&amp;quot;GRS_1980&amp;quot;,6378137.0,298.257222101]],PRIMEM[&amp;quot;Greenwich&amp;quot;,0.0],UNIT[&amp;quot;Degree&amp;quot;,0.0174532925199433]],PROJECTION[&amp;quot;Albers&amp;quot;],PARAMETER[&amp;quot;False_Easting&amp;quot;,0.0],PARAMETER[&amp;quot;False_Northing&amp;quot;,-4000000.0],PARAMETER[&amp;quot;Central_Meridian&amp;quot;,-120.0],PARAMETER[&amp;quot;Standard_Parallel_1&amp;quot;,34.0],PARAMETER[&amp;quot;Standard_Parallel_2&amp;quot;,40.5],PARAMETER[&amp;quot;Latitude_Of_Origin&amp;quot;,0.0],UNIT[&amp;quot;Meter&amp;quot;,1.0],AUTHORITY[&amp;quot;EPSG&amp;quot;,6414]]&lt;/WKT&gt;&lt;XOrigin&gt;-16909700&lt;/XOrigin&gt;&lt;YOrigin&gt;-8597000&lt;/YOrigin&gt;&lt;XYScale&gt;266332319.7555542&lt;/XYScale&gt;&lt;ZOrigin&gt;-100000&lt;/ZOrigin&gt;&lt;ZScale&gt;10000&lt;/ZScale&gt;&lt;MOrigin&gt;-100000&lt;/MOrigin&gt;&lt;MScale&gt;10000&lt;/MScale&gt;&lt;XYTolerance&gt;0.001&lt;/XYTolerance&gt;&lt;ZTolerance&gt;0.001&lt;/ZTolerance&gt;&lt;MTolerance&gt;0.001&lt;/MTolerance&gt;&lt;HighPrecision&gt;true&lt;/HighPrecision&gt;&lt;WKID&gt;102962&lt;/WKID&gt;&lt;LatestWKID&gt;6414&lt;/LatestWKID&gt;&lt;/ProjectedCoordinateSystem&gt;</peXml></coordRef></DataProperties><SyncDate>20210224</SyncDate><SyncTime>13254100</SyncTime><ModDate>20210224</ModDate><ModTime>13254100</ModTime></Esri><dataIdInfo><envirDesc Sync="TRUE"> Version 6.2 (Build 9200) ; Esri ArcGIS 10.8.0.12790</envirDesc><dataLang><languageCode value="eng" Sync="TRUE"></languageCode><countryCode value="USA" Sync="TRUE"></countryCode></dataLang><idCitation><resTitle Sync="TRUE">watersheds_dissolve</resTitle><presForm><PresFormCd value="005" Sync="TRUE"></PresFormCd></presForm></idCitation><spatRpType><SpatRepTypCd value="001" Sync="TRUE"></SpatRepTypCd></spatRpType></dataIdInfo><mdLang><languageCode value="eng" Sync="TRUE"></languageCode><countryCode value="USA" Sync="TRUE"></countryCode></mdLang><distInfo><distFormat><formatName Sync="TRUE">Shapefile</formatName></distFormat><distTranOps><transSize Sync="TRUE">0.000</transSize></distTranOps></distInfo><mdHrLv><ScopeCd value="005" Sync="TRUE"></ScopeCd></mdHrLv><mdHrLvName Sync="TRUE">dataset</mdHrLvName><refSysInfo><RefSystem><refSysID><identCode code="6414" Sync="TRUE"></identCode><idCodeSpace Sync="TRUE">EPSG</idCodeSpace><idVersion Sync="TRUE">8.2.10(10.3.1)</idVersion></refSysID></RefSystem></refSysInfo><spatRepInfo><VectSpatRep><geometObjs Name="watersheds_dissolve"><geoObjTyp><GeoObjTypCd value="002" Sync="TRUE"></GeoObjTypCd></geoObjTyp><geoObjCnt Sync="TRUE">0</geoObjCnt></geometObjs><topLvl><TopoLevCd value="001" Sync="TRUE"></TopoLevCd></topLvl></VectSpatRep></spatRepInfo><spdoinfo><ptvctinf><esriterm Name="watersheds_dissolve"><efeatyp Sync="TRUE">Simple</efeatyp><efeageom code="4" Sync="TRUE"></efeageom><esritopo Sync="TRUE">FALSE</esritopo><efeacnt Sync="TRUE">0</efeacnt><spindex Sync="TRUE">FALSE</spindex><linrefer Sync="TRUE">FALSE</linrefer></esriterm></ptvctinf></spdoinfo><eainfo><detailed Name="watersheds_dissolve"><enttyp><enttypl Sync="TRUE">watersheds_dissolve</enttypl><enttypt Sync="TRUE">Feature Class</enttypt><enttypc Sync="TRUE">0</enttypc></enttyp><attr><attrlabl Sync="TRUE">FID</attrlabl><attalias Sync="TRUE">FID</attalias><attrtype Sync="TRUE">OID</attrtype><attwidth Sync="TRUE">4</attwidth><atprecis Sync="TRUE">0</atprecis><attscale Sync="TRUE">0</attscale><attrdef Sync="TRUE">Internal feature number.</attrdef><attrdefs Sync="TRUE">Esri</attrdefs><attrdomv><udom Sync="TRUE">Sequential unique whole numbers that are automatically generated.</udom></attrdomv></attr><attr><attrlabl Sync="TRUE">Shape</attrlabl><attalias Sync="TRUE">Shape</attalias><attrtype Sync="TRUE">Geometry</attrtype><attwidth Sync="TRUE">0</attwidth><atprecis Sync="TRUE">0</atprecis><attscale Sync="TRUE">0</attscale><attrdef Sync="TRUE">Feature geometry.</attrdef><attrdefs Sync="TRUE">Esri</attrdefs><attrdomv><udom Sync="TRUE">Coordinates defining the features.</udom></attrdomv></attr><attr><attrlabl Sync="TRUE">Name</attrlabl><attalias Sync="TRUE">Name</attalias><attrtype Sync="TRUE">String</attrtype><attwidth Sync="TRUE">254</attwidth><atprecis Sync="TRUE">0</atprecis><attscale Sync="TRUE">0</attscale></attr><attr><attrlabl Sync="TRUE">Shape_Leng</attrlabl><attalias Sync="TRUE">Shape_Leng</attalias><attrtype Sync="TRUE">Double</attrtype><attwidth Sync="TRUE">19</attwidth><atprecis Sync="TRUE">0</atprecis><attscale Sync="TRUE">0</attscale></attr><attr><attrlabl Sync="TRUE">Shape_Area</attrlabl><attalias Sync="TRUE">Shape_Area</attalias><attrtype Sync="TRUE">Double</attrtype><attwidth Sync="TRUE">19</attwidth><atprecis Sync="TRUE">0</atprecis><attscale Sync="TRUE">0</attscale><attrdef Sync="TRUE">Area of feature in internal units squared.</attrdef><attrdefs Sync="TRUE">Esri</attrdefs><attrdomv><udom Sync="TRUE">Positive real numbers that are automatically generated.</udom></attrdomv></attr><attr><attrlabl Sync="TRUE">Levee_fail</attrlabl><attalias Sync="TRUE">Levee_fail</attalias><attrtype Sync="TRUE">Integer</attrtype><attwidth Sync="TRUE">10</attwidth><atprecis Sync="TRUE">10</atprecis><attscale Sync="TRUE">0</attscale></attr><attr><attrlabl Sync="TRUE">AreaAcres</attrlabl><attalias Sync="TRUE">AreaAcres</attalias><attrtype Sync="TRUE">Double</attrtype><attwidth Sync="TRUE">19</attwidth><atprecis Sync="TRUE">0</atprecis><attscale Sync="TRUE">0</attscale></attr><attr><attrlabl Sync="TRUE">AREA</attrlabl><attalias Sync="TRUE">AREA</attalias><attrtype Sync="TRUE">Double</attrtype><attwidth Sync="TRUE">19</attwidth><atprecis Sync="TRUE">0</atprecis><attscale Sync="TRUE">0</attscale></attr><attr><attrlabl Sync="TRUE">percent_da</attrlabl><attalias Sync="TRUE">percent_da</attalias><attrtype Sync="TRUE">Single</attrtype><attwidth Sync="TRUE">13</attwidth><atprecis Sync="TRUE">0</atprecis><attscale Sync="TRUE">0</attscale></attr><attr><attrlabl Sync="TRUE">AREA_1</attrlabl><attalias Sync="TRUE">AREA_1</attalias><attrtype Sync="TRUE">Double</attrtype><attwidth Sync="TRUE">19</attwidth><atprecis Sync="TRUE">0</atprecis><attscale Sync="TRUE">0</attscale></attr><attr><attrlabl Sync="TRUE">COUNT</attrlabl><attalias Sync="TRUE">COUNT</attalias><attrtype Sync="TRUE">Integer</attrtype><attwidth Sync="TRUE">10</attwidth><atprecis Sync="TRUE">10</atprecis><attscale Sync="TRUE">0</attscale></attr><attr><attrlabl Sync="TRUE">AREA_12</attrlabl><attalias Sync="TRUE">AREA_12</attalias><attrtype Sync="TRUE">Double</attrtype><attwidth Sync="TRUE">19</attwidth><atprecis Sync="TRUE">0</atprecis><attscale Sync="TRUE">0</attscale></attr><attr><attrlabl Sync="TRUE">SUM</attrlabl><attalias Sync="TRUE">SUM</attalias><attrtype Sync="TRUE">Double</attrtype><attwidth Sync="TRUE">19</attwidth><atprecis Sync="TRUE">0</atprecis><attscale Sync="TRUE">0</attscale></attr><attr><attrlabl Sync="TRUE">dams</attrlabl><attalias Sync="TRUE">dams</attalias><attrtype Sync="TRUE">Integer</attrtype><attwidth Sync="TRUE">5</attwidth><atprecis Sync="TRUE">5</atprecis><attscale Sync="TRUE">0</attscale></attr><attr><attrlabl Sync="TRUE">snowpack</attrlabl><attalias Sync="TRUE">snowpack</attalias><attrtype Sync="TRUE">Integer</attrtype><attwidth Sync="TRUE">5</attwidth><atprecis Sync="TRUE">5</atprecis><attscale Sync="TRUE">0</attscale></attr><attr><attrlabl Sync="TRUE">GRAND_ID</attrlabl><attalias Sync="TRUE">GRAND_ID</attalias><attrtype Sync="TRUE">Integer</attrtype><attwidth Sync="TRUE">10</attwidth><atprecis Sync="TRUE">10</atprecis><attscale Sync="TRUE">0</attscale></attr><attr><attrlabl Sync="TRUE">CAP_MAX</attrlabl><attalias Sync="TRUE">CAP_MAX</attalias><attrtype Sync="TRUE">Double</attrtype><attwidth Sync="TRUE">19</attwidth><atprecis Sync="TRUE">0</atprecis><attscale Sync="TRUE">0</attscale></attr><attr><attrlabl Sync="TRUE">impairment</attrlabl><attalias Sync="TRUE">impairment</attalias><attrtype Sync="TRUE">Integer</attrtype><attwidth Sync="TRUE">5</attwidth><atprecis Sync="TRUE">5</atprecis><attscale Sync="TRUE">0</attscale></attr><attr><attrlabl Sync="TRUE">impairme_1</attrlabl><attalias Sync="TRUE">impairme_1</attalias><attrtype Sync="TRUE">Integer</attrtype><attwidth Sync="TRUE">5</attwidth><atprecis Sync="TRUE">5</atprecis><attscale Sync="TRUE">0</attscale></attr><attr><attrlabl Sync="TRUE">impairme_2</attrlabl><attalias Sync="TRUE">impairme_2</attalias><attrtype Sync="TRUE">Double</attrtype><attwidth Sync="TRUE">19</attwidth><atprecis Sync="TRUE">0</atprecis><attscale Sync="TRUE">0</attscale></attr><attr><attrlabl Sync="TRUE">area_DAC_a</attrlabl><attalias Sync="TRUE">area_DAC_a</attalias><attrtype Sync="TRUE">Double</attrtype><attwidth Sync="TRUE">19</attwidth><atprecis Sync="TRUE">0</atprecis><attscale Sync="TRUE">0</attscale></attr><attr><attrlabl Sync="TRUE">fire_area_</attrlabl><attalias Sync="TRUE">fire_area_</attalias><attrtype Sync="TRUE">Double</attrtype><attwidth Sync="TRUE">19</attwidth><atprecis Sync="TRUE">0</atprecis><attscale Sync="TRUE">0</attscale></attr><attr><attrlabl Sync="TRUE">recharge_a</attrlabl><attalias Sync="TRUE">recharge_a</attalias><attrtype Sync="TRUE">Double</attrtype><attwidth Sync="TRUE">19</attwidth><atprecis Sync="TRUE">0</atprecis><attscale Sync="TRUE">0</attscale></attr><attr><attrlabl Sync="TRUE">AREA_12_13</attrlabl><attalias Sync="TRUE">AREA_12_13</attalias><attrtype Sync="TRUE">Double</attrtype><attwidth Sync="TRUE">19</attwidth><atprecis Sync="TRUE">0</atprecis><attscale Sync="TRUE">0</attscale></attr><attr><attrlabl Sync="TRUE">COUNT_1</attrlabl><attalias Sync="TRUE">COUNT_1</attalias><attrtype Sync="TRUE">Integer</attrtype><attwidth Sync="TRUE">10</attwidth><atprecis Sync="TRUE">10</atprecis><attscale Sync="TRUE">0</attscale></attr><attr><attrlabl Sync="TRUE">AREA_12_14</attrlabl><attalias Sync="TRUE">AREA_12_14</attalias><attrtype Sync="TRUE">Double</attrtype><attwidth Sync="TRUE">19</attwidth><atprecis Sync="TRUE">0</atprecis><attscale Sync="TRUE">0</attscale></attr><attr><attrlabl Sync="TRUE">SUM_1</attrlabl><attalias Sync="TRUE">SUM_1</attalias><attrtype Sync="TRUE">Double</attrtype><attwidth Sync="TRUE">19</attwidth><atprecis Sync="TRUE">0</atprecis><attscale Sync="TRUE">0</attscale></attr><attr><attrlabl Sync="TRUE">COUNT_12</attrlabl><attalias Sync="TRUE">COUNT_12</attalias><attrtype Sync="TRUE">Integer</attrtype><attwidth Sync="TRUE">10</attwidth><atprecis Sync="TRUE">10</atprecis><attscale Sync="TRUE">0</attscale></attr><attr><attrlabl Sync="TRUE">AREA_12_15</attrlabl><attalias Sync="TRUE">AREA_12_15</attalias><attrtype Sync="TRUE">Double</attrtype><attwidth Sync="TRUE">19</attwidth><atprecis Sync="TRUE">0</atprecis><attscale Sync="TRUE">0</attscale></attr><attr><attrlabl Sync="TRUE">flood_area</attrlabl><attalias Sync="TRUE">flood_area</attalias><attrtype Sync="TRUE">Double</attrtype><attwidth Sync="TRUE">19</attwidth><atprecis Sync="TRUE">0</atprecis><attscale Sync="TRUE">0</attscale></attr></detailed></eainfo><mdDateSt Sync="TRUE">20210224</mdDateSt></metadata>
