<metadata>
	<eainfo>
		<detailed Name="chowchilla_project">
			<attr>
				<attrlabl>Basin_Name</attrlabl>
				<attalias>Basin_Name</attalias>
				<attrdef>Basin_Name</attrdef>
				<attrtype Sync="TRUE">String</attrtype><attwidth Sync="TRUE">42</attwidth><atprecis Sync="TRUE">0</atprecis><attscale Sync="TRUE">0</attscale></attr>
			<attr><attrlabl Sync="TRUE">FID</attrlabl><attalias Sync="TRUE">FID</attalias><attrtype Sync="TRUE">OID</attrtype><attwidth Sync="TRUE">4</attwidth><atprecis Sync="TRUE">0</atprecis><attscale Sync="TRUE">0</attscale><attrdef Sync="TRUE">Internal feature number.</attrdef><attrdefs Sync="TRUE">Esri</attrdefs><attrdomv><udom Sync="TRUE">Sequential unique whole numbers that are automatically generated.</udom></attrdomv></attr><attr>
				<attrlabl>Basin_Numb</attrlabl>
				<attalias>Basin_Numb</attalias>
				<attrdef>Basin_Numb</attrdef>
				<attrtype Sync="TRUE">String</attrtype><attwidth Sync="TRUE">5</attwidth><atprecis Sync="TRUE">0</atprecis><attscale Sync="TRUE">0</attscale></attr>
			<attr>
				<attrlabl>Basin_Su_1</attrlabl>
				<attalias>Basin_Su_1</attalias>
				<attrdef>Basin_Su_1</attrdef>
				<attrtype Sync="TRUE">String</attrtype><attwidth Sync="TRUE">56</attwidth><atprecis Sync="TRUE">0</atprecis><attscale Sync="TRUE">0</attscale></attr>
			<attr>
				<attrlabl>Basin_Subb</attrlabl>
				<attalias>Basin_Subb</attalias>
				<attrdef>Basin_Subb</attrdef>
				<attrtype Sync="TRUE">String</attrtype><attwidth Sync="TRUE">8</attwidth><atprecis Sync="TRUE">0</atprecis><attscale Sync="TRUE">0</attscale></attr>
			<attr>
				<attrlabl>GlobalID</attrlabl>
				<attalias>GlobalID</attalias>
				<attrdef>GlobalID</attrdef>
				<attrtype Sync="TRUE">String</attrtype><attwidth Sync="TRUE">38</attwidth><atprecis Sync="TRUE">0</atprecis><attscale Sync="TRUE">0</attscale></attr>
			<attr>
				<attrlabl>OBJECTID</attrlabl>
				<attalias>OBJECTID</attalias>
				<attrdef>OBJECTID</attrdef>
				<attrtype Sync="TRUE">Integer</attrtype><attwidth Sync="TRUE">5</attwidth><atprecis Sync="TRUE">5</atprecis><attscale Sync="TRUE">0</attscale></attr>
			<attr>
				<attrlabl>Region_Off</attrlabl>
				<attalias>Region_Off</attalias>
				<attrdef>Region_Off</attrdef>
				<attrtype Sync="TRUE">String</attrtype><attwidth Sync="TRUE">4</attwidth><atprecis Sync="TRUE">0</atprecis><attscale Sync="TRUE">0</attscale></attr>
			<attr>
				<attrlabl>Shape</attrlabl>
				<attalias>Shape</attalias>
				<attrdef>Shape</attrdef>
				<attrtype Sync="TRUE">Geometry</attrtype><attwidth Sync="TRUE">0</attwidth><atprecis Sync="TRUE">0</atprecis><attscale Sync="TRUE">0</attscale><attrdefs Sync="TRUE">Esri</attrdefs><attrdomv><udom Sync="TRUE">Coordinates defining the features.</udom></attrdomv></attr>
			<enttyp><enttypl Sync="TRUE">chowchilla_project</enttypl><enttypt Sync="TRUE">Feature Class</enttypt><enttypc Sync="TRUE">0</enttypc></enttyp><attr><attrlabl Sync="TRUE">Shape_Leng</attrlabl><attalias Sync="TRUE">Shape_Leng</attalias><attrtype Sync="TRUE">Double</attrtype><attwidth Sync="TRUE">19</attwidth><atprecis Sync="TRUE">0</atprecis><attscale Sync="TRUE">0</attscale></attr><attr><attrlabl Sync="TRUE">Shape_Area</attrlabl><attalias Sync="TRUE">Shape_Area</attalias><attrtype Sync="TRUE">Double</attrtype><attwidth Sync="TRUE">19</attwidth><atprecis Sync="TRUE">0</atprecis><attscale Sync="TRUE">0</attscale><attrdef Sync="TRUE">Area of feature in internal units squared.</attrdef><attrdefs Sync="TRUE">Esri</attrdefs><attrdomv><udom Sync="TRUE">Positive real numbers that are automatically generated.</udom></attrdomv></attr><attr><attrlabl Sync="TRUE">area_acres</attrlabl><attalias Sync="TRUE">area_acres</attalias><attrtype Sync="TRUE">Integer</attrtype><attwidth Sync="TRUE">10</attwidth><atprecis Sync="TRUE">10</atprecis><attscale Sync="TRUE">0</attscale></attr></detailed>
	</eainfo>
	<idinfo>
		<descript>
			<abstract>The dataset is a feature class showing the boundaries of 515 groundwater basins and subbasins as defined by the California Department of Water Resources as last modified by the Basin Boundary Emergency Regulation adopted on October 21, 2015 and subsequent modifications requested through the Basin Boundary Modification Request Process.  Groundwater basins are represented as polygon features and designated on the basis of geological and hydrological conditions - usually the occurrence of alluvial or unconsolidated deposits. When practical, large basins are also subdivided by political boundaries, as in the Central Valley. Basins are named and numbered per the convention of the Department of Water Resources.</abstract>
		</descript>
		<useconst>This work is licensed under a  Creative Commons Attribution 3.0 License .</useconst>
		<keywords>
			<theme>
				<themekey>sgma,dwr,basin,groundwater,subbasin</themekey>
			</theme>
		</keywords>
		<citation>
			<citeinfo>
				<onlink>https://databasin.org/datasets/bbbb18c070084780b390f6f6c9cca350</onlink>
				<title>CA Bulletin 118 Groundwater Basins</title>
				<origin>California Department of Water Resources</origin>
			</citeinfo>
		</citation>
		<spdom>
			<bounding>
				<southbc>3833624.0894</southbc>
				<northbc>5161542.904</northbc>
				<eastbc>-12715545.6753</eastbc>
				<westbc>-13843555.355</westbc>
			</bounding>
		</spdom>
	</idinfo>
	<distinfo>
		<distliab>No warranty is made by Data Basin for use of this dataset.  No warranty is made by Data Basin regarding the accuracy, reliability, or completeness of this dataset. In no event shall Data Basin have any liability whatsoever for payment of any consequential, incidental, indirect, special, or tort damages of any kind, including, but not limited to, any loss of profits arising out of the use or reliance on the geographic or attribute data contained within this dataset or arising out of the delivery, installation, operation, or support by Data Basin.</distliab>
		<techpreq>Desktop GIS software.</techpreq>
		<stdorder>
			<digform>
				<digtopt>
					<onlinopt>
						<accinstr>Download from https://databasin.org</accinstr>
						<computer>
							<networka>
								<networkr>https://databasin.org/datasets/bbbb18c070084780b390f6f6c9cca350</networkr>
							</networka>
						</computer>
					</onlinopt>
				</digtopt>
				<digtinfo>
					<filedec>No compression applied</filedec>
					<formvern>ArcGIS 10</formvern>
					<formspec>Feature Layer</formspec>
					<formname>Feature Layer</formname>
				</digtinfo>
			</digform>
			<ordering>Download from https://databasin.org</ordering>
			<fees>None</fees>
		</stdorder>
		<distrib>
			<cntinfo>
				<cntemail>databasin_admin@consbio.org</cntemail>
				<cntperp>
					<cntorg>Data Basin</cntorg>
					<cntper>Data Basin Administrator</cntper>
				</cntperp>
				<cntvoice>541-757-0687</cntvoice>
				<cntaddr>
					<country>USA</country>
					<city>Corvallis</city>
					<postal>97333</postal>
					<address>136 SW Washington Ave, Suite 202</address>
					<addrtype>physical address</addrtype>
					<state>OR</state>
				</cntaddr>
			</cntinfo>
		</distrib>
	</distinfo>
	<Esri>
		<CreaDate>20201230</CreaDate>
		<CreaTime>14535300</CreaTime>
		<SyncOnce>FALSE</SyncOnce>
		<DataProperties>
			<itemProps>
				<itemLocation>
					<linkage Sync="TRUE">file://\\esm.ucsb.edu\groupprojects\GroupProjects2021\floodforward\transfer_for_shiny\chowchilla_project.shp</linkage>
					<protocol Sync="TRUE">Local Area Network</protocol>
				</itemLocation>
				<itemName Sync="TRUE">chowchilla_project</itemName><imsContentType Sync="TRUE">002</imsContentType><itemSize Sync="TRUE">0.000</itemSize></itemProps>
			<copyHistory>
				<copy source="C:\windows\temp\tmpobx1wh\commondata\ca_bulletin_118_groundwater_basins-shp\CA_Bulletin_118_Groundwater_Basins" dest="C:\windows\temp\tmpobx1wh\bbbb18c070084780b390f6f6c9cca350\commondata\ca_bulletin_118_groundwater_basins-shp\CA_Bulletin_118_Groundwater_Basins" date="20200720" time="16534400"/>
			</copyHistory>
			<coordRef><type Sync="TRUE">Projected</type><geogcsn Sync="TRUE">GCS_NAD_1983_2011</geogcsn><csUnits Sync="TRUE">Linear Unit: Meter (1.000000)</csUnits><projcsn Sync="TRUE">NAD_1983_2011_California_Teale_Albers</projcsn><peXml Sync="TRUE">&lt;ProjectedCoordinateSystem xsi:type='typens:ProjectedCoordinateSystem' xmlns:xsi='http://www.w3.org/2001/XMLSchema-instance' xmlns:xs='http://www.w3.org/2001/XMLSchema' xmlns:typens='http://www.esri.com/schemas/ArcGIS/10.8'&gt;&lt;WKT&gt;PROJCS[&amp;quot;NAD_1983_2011_California_Teale_Albers&amp;quot;,GEOGCS[&amp;quot;GCS_NAD_1983_2011&amp;quot;,DATUM[&amp;quot;D_NAD_1983_2011&amp;quot;,SPHEROID[&amp;quot;GRS_1980&amp;quot;,6378137.0,298.257222101]],PRIMEM[&amp;quot;Greenwich&amp;quot;,0.0],UNIT[&amp;quot;Degree&amp;quot;,0.0174532925199433]],PROJECTION[&amp;quot;Albers&amp;quot;],PARAMETER[&amp;quot;False_Easting&amp;quot;,0.0],PARAMETER[&amp;quot;False_Northing&amp;quot;,-4000000.0],PARAMETER[&amp;quot;Central_Meridian&amp;quot;,-120.0],PARAMETER[&amp;quot;Standard_Parallel_1&amp;quot;,34.0],PARAMETER[&amp;quot;Standard_Parallel_2&amp;quot;,40.5],PARAMETER[&amp;quot;Latitude_Of_Origin&amp;quot;,0.0],UNIT[&amp;quot;Meter&amp;quot;,1.0],AUTHORITY[&amp;quot;EPSG&amp;quot;,6414]]&lt;/WKT&gt;&lt;XOrigin&gt;-16909700&lt;/XOrigin&gt;&lt;YOrigin&gt;-8597000&lt;/YOrigin&gt;&lt;XYScale&gt;266332319.7555542&lt;/XYScale&gt;&lt;ZOrigin&gt;-100000&lt;/ZOrigin&gt;&lt;ZScale&gt;10000&lt;/ZScale&gt;&lt;MOrigin&gt;-100000&lt;/MOrigin&gt;&lt;MScale&gt;10000&lt;/MScale&gt;&lt;XYTolerance&gt;0.001&lt;/XYTolerance&gt;&lt;ZTolerance&gt;0.001&lt;/ZTolerance&gt;&lt;MTolerance&gt;0.001&lt;/MTolerance&gt;&lt;HighPrecision&gt;true&lt;/HighPrecision&gt;&lt;WKID&gt;102962&lt;/WKID&gt;&lt;LatestWKID&gt;6414&lt;/LatestWKID&gt;&lt;/ProjectedCoordinateSystem&gt;</peXml></coordRef><lineage><Process ToolSource="c:\program files (x86)\arcgis\desktop10.8\ArcToolbox\Toolboxes\Data Management Tools.tbx\CopyFeatures" Date="20201230" Time="142543">CopyFeatures "G:\Data\boundaries\CA Bulletin 118 Groundwater Basins\chowchilla_boundary.shp" G:\Data\input_1.gdb\chowchilla_boundary # 0 0 0</Process><Process Name="Project (6)" ToolSource="c:\program files (x86)\arcgis\desktop10.8\ArcToolbox\Toolboxes\Data Management Tools.tbx\Project" Date="20201230" Time="145355">Project G:\Data\input_1.gdb\chowchilla_boundary G:\Data\output_1.gdb\chowchilla_project PROJCS['NAD_1983_2011_California_Teale_Albers',GEOGCS['GCS_NAD_1983_2011',DATUM['D_NAD_1983_2011',SPHEROID['GRS_1980',6378137.0,298.257222101]],PRIMEM['Greenwich',0.0],UNIT['Degree',0.0174532925199433]],PROJECTION['Albers'],PARAMETER['False_Easting',0.0],PARAMETER['False_Northing',-4000000.0],PARAMETER['Central_Meridian',-120.0],PARAMETER['Standard_Parallel_1',34.0],PARAMETER['Standard_Parallel_2',40.5],PARAMETER['Latitude_Of_Origin',0.0],UNIT['Meter',1.0]] WGS_1984_(ITRF08)_To_NAD_1983_2011 PROJCS['WGS_1984_Web_Mercator_Auxiliary_Sphere',GEOGCS['GCS_WGS_1984',DATUM['D_WGS_1984',SPHEROID['WGS_1984',6378137.0,298.257223563]],PRIMEM['Greenwich',0.0],UNIT['Degree',0.0174532925199433]],PROJECTION['Mercator_Auxiliary_Sphere'],PARAMETER['False_Easting',0.0],PARAMETER['False_Northing',0.0],PARAMETER['Central_Meridian',0.0],PARAMETER['Standard_Parallel_1',0.0],PARAMETER['Auxiliary_Sphere_Type',0.0],UNIT['Meter',1.0]] NO_PRESERVE_SHAPE # NO_VERTICAL</Process><Process ToolSource="c:\program files (x86)\arcgis\desktop10.8\ArcToolbox\Toolboxes\Conversion Tools.tbx\FeatureClassToFeatureClass" Date="20210224" Time="131616">FeatureClassToFeatureClass G:\Data\output_1.gdb\chowchilla_project G:\transfer_for_shiny chowchilla_project.shp # "OBJECTID "OBJECTID" true true false 2 Short 0 0 ,First,#,G:\Data\output_1.gdb\chowchilla_project,OBJECTID,-1,-1;Basin_Numb "Basin_Numb" true true false 5 Text 0 0 ,First,#,G:\Data\output_1.gdb\chowchilla_project,Basin_Numb,-1,-1;Basin_Subb "Basin_Subb" true true false 8 Text 0 0 ,First,#,G:\Data\output_1.gdb\chowchilla_project,Basin_Subb,-1,-1;Basin_Name "Basin_Name" true true false 42 Text 0 0 ,First,#,G:\Data\output_1.gdb\chowchilla_project,Basin_Name,-1,-1;Basin_Su_1 "Basin_Su_1" true true false 56 Text 0 0 ,First,#,G:\Data\output_1.gdb\chowchilla_project,Basin_Su_1,-1,-1;Region_Off "Region_Off" true true false 4 Text 0 0 ,First,#,G:\Data\output_1.gdb\chowchilla_project,Region_Off,-1,-1;GlobalID "GlobalID" true true false 38 Text 0 0 ,First,#,G:\Data\output_1.gdb\chowchilla_project,GlobalID,-1,-1;Shape_Leng "Shape_Leng" false true true 8 Double 0 0 ,First,#,G:\Data\output_1.gdb\chowchilla_project,Shape_Length,-1,-1;Shape_Area "Shape_Area" false true true 8 Double 0 0 ,First,#,G:\Data\output_1.gdb\chowchilla_project,Shape_Area,-1,-1;area_acres "area_acres" true true false 4 Long 0 0 ,First,#,G:\Data\output_1.gdb\chowchilla_project,area_acres,-1,-1" #</Process></lineage></DataProperties>
		<ArcGISFormat>1.0</ArcGISFormat><SyncDate>20210224</SyncDate><SyncTime>13161500</SyncTime><ModDate>20210224</ModDate><ModTime>13161500</ModTime></Esri>
	<dataIdInfo><envirDesc Sync="TRUE"> Version 6.2 (Build 9200) ; Esri ArcGIS 10.8.0.12790</envirDesc><dataLang><languageCode value="eng" Sync="TRUE"></languageCode><countryCode value="USA" Sync="TRUE"></countryCode></dataLang><idCitation><resTitle Sync="TRUE">chowchilla_project</resTitle><presForm><PresFormCd value="005" Sync="TRUE"></PresFormCd></presForm></idCitation><spatRpType><SpatRepTypCd value="001" Sync="TRUE"></SpatRepTypCd></spatRpType></dataIdInfo><mdLang><languageCode value="eng" Sync="TRUE"></languageCode><countryCode value="USA" Sync="TRUE"></countryCode></mdLang><distInfo><distFormat><formatName Sync="TRUE">Shapefile</formatName></distFormat><distTranOps><transSize Sync="TRUE">0.000</transSize></distTranOps></distInfo><mdHrLv><ScopeCd value="005" Sync="TRUE"></ScopeCd></mdHrLv><mdHrLvName Sync="TRUE">dataset</mdHrLvName><refSysInfo><RefSystem><refSysID><identCode code="6414" Sync="TRUE"></identCode><idCodeSpace Sync="TRUE">EPSG</idCodeSpace><idVersion Sync="TRUE">8.2.10(10.3.1)</idVersion></refSysID></RefSystem></refSysInfo><spatRepInfo><VectSpatRep><geometObjs Name="chowchilla_project"><geoObjTyp><GeoObjTypCd value="002" Sync="TRUE"></GeoObjTypCd></geoObjTyp><geoObjCnt Sync="TRUE">0</geoObjCnt></geometObjs><topLvl><TopoLevCd value="001" Sync="TRUE"></TopoLevCd></topLvl></VectSpatRep></spatRepInfo><spdoinfo><ptvctinf><esriterm Name="chowchilla_project"><efeatyp Sync="TRUE">Simple</efeatyp><efeageom code="4" Sync="TRUE"></efeageom><esritopo Sync="TRUE">FALSE</esritopo><efeacnt Sync="TRUE">0</efeacnt><spindex Sync="TRUE">FALSE</spindex><linrefer Sync="TRUE">FALSE</linrefer></esriterm></ptvctinf></spdoinfo><mdDateSt Sync="TRUE">20210224</mdDateSt></metadata>
