<metadata xml:lang="en"><Esri><CreaDate>20210128</CreaDate><CreaTime>20102400</CreaTime><ArcGISFormat>1.0</ArcGISFormat><SyncOnce>FALSE</SyncOnce><DataProperties><itemProps><itemName Sync="TRUE">riparian_project</itemName><imsContentType Sync="TRUE">002</imsContentType><itemLocation><linkage Sync="TRUE">file://\\esm.ucsb.edu\groupprojects\GroupProjects2021\floodforward\transfer_for_shiny\riparian_project.shp</linkage><protocol Sync="TRUE">Local Area Network</protocol></itemLocation><itemSize Sync="TRUE">0.000</itemSize></itemProps><coordRef><type Sync="TRUE">Projected</type><geogcsn Sync="TRUE">GCS_NAD_1983_2011</geogcsn><csUnits Sync="TRUE">Linear Unit: Meter (1.000000)</csUnits><projcsn Sync="TRUE">NAD_1983_2011_California_Teale_Albers</projcsn><peXml Sync="TRUE">&lt;ProjectedCoordinateSystem xsi:type='typens:ProjectedCoordinateSystem' xmlns:xsi='http://www.w3.org/2001/XMLSchema-instance' xmlns:xs='http://www.w3.org/2001/XMLSchema' xmlns:typens='http://www.esri.com/schemas/ArcGIS/10.8'&gt;&lt;WKT&gt;PROJCS[&amp;quot;NAD_1983_2011_California_Teale_Albers&amp;quot;,GEOGCS[&amp;quot;GCS_NAD_1983_2011&amp;quot;,DATUM[&amp;quot;D_NAD_1983_2011&amp;quot;,SPHEROID[&amp;quot;GRS_1980&amp;quot;,6378137.0,298.257222101]],PRIMEM[&amp;quot;Greenwich&amp;quot;,0.0],UNIT[&amp;quot;Degree&amp;quot;,0.0174532925199433]],PROJECTION[&amp;quot;Albers&amp;quot;],PARAMETER[&amp;quot;False_Easting&amp;quot;,0.0],PARAMETER[&amp;quot;False_Northing&amp;quot;,-4000000.0],PARAMETER[&amp;quot;Central_Meridian&amp;quot;,-120.0],PARAMETER[&amp;quot;Standard_Parallel_1&amp;quot;,34.0],PARAMETER[&amp;quot;Standard_Parallel_2&amp;quot;,40.5],PARAMETER[&amp;quot;Latitude_Of_Origin&amp;quot;,0.0],UNIT[&amp;quot;Meter&amp;quot;,1.0],AUTHORITY[&amp;quot;EPSG&amp;quot;,6414]]&lt;/WKT&gt;&lt;XOrigin&gt;-16909700&lt;/XOrigin&gt;&lt;YOrigin&gt;-8597000&lt;/YOrigin&gt;&lt;XYScale&gt;266332319.7555542&lt;/XYScale&gt;&lt;ZOrigin&gt;-100000&lt;/ZOrigin&gt;&lt;ZScale&gt;10000&lt;/ZScale&gt;&lt;MOrigin&gt;-100000&lt;/MOrigin&gt;&lt;MScale&gt;10000&lt;/MScale&gt;&lt;XYTolerance&gt;0.001&lt;/XYTolerance&gt;&lt;ZTolerance&gt;0.001&lt;/ZTolerance&gt;&lt;MTolerance&gt;0.001&lt;/MTolerance&gt;&lt;HighPrecision&gt;true&lt;/HighPrecision&gt;&lt;WKID&gt;102962&lt;/WKID&gt;&lt;LatestWKID&gt;6414&lt;/LatestWKID&gt;&lt;/ProjectedCoordinateSystem&gt;</peXml></coordRef><lineage><Process ToolSource="c:\program files (x86)\arcgis\desktop10.8\ArcToolbox\Toolboxes\Analysis Tools.tbx\Select" Date="20210127" Time="184738">Select in_memory/rmriparianwithLakes G:\Data\riparian_1.gdb\rmriparian50 #</Process><Process ToolSource="c:\program files (x86)\arcgis\desktop10.8\ArcToolbox\Toolboxes\Data Management Tools.tbx\CopyFeatures" Date="20210127" Time="184743">CopyFeatures G:\Data\riparian_1.gdb\rmriparian50 G:\Data\results_1\hucAshSloughFresnoRiver.gdb\rmriparian50 # 0 0 0</Process><Process ToolSource="c:\program files (x86)\arcgis\desktop10.8\ArcToolbox\Toolboxes\Data Management Tools.tbx\CopyFeatures" Date="20210128" Time="190108">CopyFeatures G:\Data\results_1\hucAshSloughFresnoRiver.gdb\rmriparian50 G:\Data\riparian_all.gdb\rmriparian50 # 0 0 0</Process><Process ToolSource="c:\program files (x86)\arcgis\desktop10.8\ArcToolbox\Toolboxes\Data Management Tools.tbx\Merge" Date="20210128" Time="191547">Merge G:\Data\riparian_all.gdb\rmriparian50;G:\Data\riparian_all.gdb\rmriparian50_1;G:\Data\riparian_all.gdb\rmriparian50_10;G:\Data\riparian_all.gdb\rmriparian50_11;G:\Data\riparian_all.gdb\rmriparian50_12;G:\Data\riparian_all.gdb\rmriparian50_13;G:\Data\riparian_all.gdb\rmriparian50_14;G:\Data\riparian_all.gdb\rmriparian50_15;G:\Data\riparian_all.gdb\rmriparian50_16;G:\Data\riparian_all.gdb\rmriparian50_17;G:\Data\riparian_all.gdb\rmriparian50_18;G:\Data\riparian_all.gdb\rmriparian50_19;G:\Data\riparian_all.gdb\rmriparian50_2;G:\Data\riparian_all.gdb\rmriparian50_20;G:\Data\riparian_all.gdb\rmriparian50_21;G:\Data\riparian_all.gdb\rmriparian50_22;G:\Data\riparian_all.gdb\rmriparian50_23;G:\Data\riparian_all.gdb\rmriparian50_24;G:\Data\riparian_all.gdb\rmriparian50_3;G:\Data\riparian_all.gdb\rmriparian50_4;G:\Data\riparian_all.gdb\rmriparian50_5;G:\Data\riparian_all.gdb\rmriparian50_6;G:\Data\riparian_all.gdb\rmriparian50_7;G:\Data\riparian_all.gdb\rmriparian50_8;G:\Data\riparian_all.gdb\rmriparian50_9 G:\Data\riparian_all.gdb\riparian_merge "Shape_Length "Shape_Length" false true true 8 Double 0 0 ,First,#,G:\Data\riparian_all.gdb\rmriparian50,Shape_Length,-1,-1,G:\Data\riparian_all.gdb\rmriparian50_1,Shape_Length,-1,-1,G:\Data\riparian_all.gdb\rmriparian50_10,Shape_Length,-1,-1,G:\Data\riparian_all.gdb\rmriparian50_11,Shape_Length,-1,-1,G:\Data\riparian_all.gdb\rmriparian50_12,Shape_Length,-1,-1,G:\Data\riparian_all.gdb\rmriparian50_13,Shape_Length,-1,-1,G:\Data\riparian_all.gdb\rmriparian50_14,Shape_Length,-1,-1,G:\Data\riparian_all.gdb\rmriparian50_15,Shape_Length,-1,-1,G:\Data\riparian_all.gdb\rmriparian50_16,Shape_Length,-1,-1,G:\Data\riparian_all.gdb\rmriparian50_17,Shape_Length,-1,-1,G:\Data\riparian_all.gdb\rmriparian50_18,Shape_Length,-1,-1,G:\Data\riparian_all.gdb\rmriparian50_19,Shape_Length,-1,-1,G:\Data\riparian_all.gdb\rmriparian50_2,Shape_Length,-1,-1,G:\Data\riparian_all.gdb\rmriparian50_20,Shape_Length,-1,-1,G:\Data\riparian_all.gdb\rmriparian50_21,Shape_Length,-1,-1,G:\Data\riparian_all.gdb\rmriparian50_22,Shape_Length,-1,-1,G:\Data\riparian_all.gdb\rmriparian50_23,Shape_Length,-1,-1,G:\Data\riparian_all.gdb\rmriparian50_24,Shape_Length,-1,-1,G:\Data\riparian_all.gdb\rmriparian50_3,Shape_Length,-1,-1,G:\Data\riparian_all.gdb\rmriparian50_4,Shape_Length,-1,-1,G:\Data\riparian_all.gdb\rmriparian50_5,Shape_Length,-1,-1,G:\Data\riparian_all.gdb\rmriparian50_6,Shape_Length,-1,-1,G:\Data\riparian_all.gdb\rmriparian50_7,Shape_Length,-1,-1,G:\Data\riparian_all.gdb\rmriparian50_8,Shape_Length,-1,-1,G:\Data\riparian_all.gdb\rmriparian50_9,Shape_Length,-1,-1;Shape_Area "Shape_Area" false true true 8 Double 0 0 ,First,#,G:\Data\riparian_all.gdb\rmriparian50,Shape_Area,-1,-1,G:\Data\riparian_all.gdb\rmriparian50_1,Shape_Area,-1,-1,G:\Data\riparian_all.gdb\rmriparian50_10,Shape_Area,-1,-1,G:\Data\riparian_all.gdb\rmriparian50_11,Shape_Area,-1,-1,G:\Data\riparian_all.gdb\rmriparian50_12,Shape_Area,-1,-1,G:\Data\riparian_all.gdb\rmriparian50_13,Shape_Area,-1,-1,G:\Data\riparian_all.gdb\rmriparian50_14,Shape_Area,-1,-1,G:\Data\riparian_all.gdb\rmriparian50_15,Shape_Area,-1,-1,G:\Data\riparian_all.gdb\rmriparian50_16,Shape_Area,-1,-1,G:\Data\riparian_all.gdb\rmriparian50_17,Shape_Area,-1,-1,G:\Data\riparian_all.gdb\rmriparian50_18,Shape_Area,-1,-1,G:\Data\riparian_all.gdb\rmriparian50_19,Shape_Area,-1,-1,G:\Data\riparian_all.gdb\rmriparian50_2,Shape_Area,-1,-1,G:\Data\riparian_all.gdb\rmriparian50_20,Shape_Area,-1,-1,G:\Data\riparian_all.gdb\rmriparian50_21,Shape_Area,-1,-1,G:\Data\riparian_all.gdb\rmriparian50_22,Shape_Area,-1,-1,G:\Data\riparian_all.gdb\rmriparian50_23,Shape_Area,-1,-1,G:\Data\riparian_all.gdb\rmriparian50_24,Shape_Area,-1,-1,G:\Data\riparian_all.gdb\rmriparian50_3,Shape_Area,-1,-1,G:\Data\riparian_all.gdb\rmriparian50_4,Shape_Area,-1,-1,G:\Data\riparian_all.gdb\rmriparian50_5,Shape_Area,-1,-1,G:\Data\riparian_all.gdb\rmriparian50_6,Shape_Area,-1,-1,G:\Data\riparian_all.gdb\rmriparian50_7,Shape_Area,-1,-1,G:\Data\riparian_all.gdb\rmriparian50_8,Shape_Area,-1,-1,G:\Data\riparian_all.gdb\rmriparian50_9,Shape_Area,-1,-1"</Process><Process ToolSource="c:\program files (x86)\arcgis\desktop10.8\ArcToolbox\Toolboxes\Conversion Tools.tbx\FeatureClassToFeatureClass" Date="20210128" Time="195635">FeatureClassToFeatureClass G:\Data\riparian_all.gdb\riparian_merge G:\Data\input_1.gdb riparian_areas # "Shape_Length "Shape_Length" false true true 8 Double 0 0 ,First,#,G:\Data\riparian_all.gdb\riparian_merge,Shape_Length,-1,-1;Shape_Area "Shape_Area" false true true 8 Double 0 0 ,First,#,G:\Data\riparian_all.gdb\riparian_merge,Shape_Area,-1,-1" #</Process><Process Name="Project (14)" ToolSource="c:\program files (x86)\arcgis\desktop10.8\ArcToolbox\Toolboxes\Data Management Tools.tbx\Project" Date="20210128" Time="201027">Project G:\Data\input_1.gdb\riparian_areas G:\Data\output_1.gdb\riparian_project PROJCS['NAD_1983_2011_California_Teale_Albers',GEOGCS['GCS_NAD_1983_2011',DATUM['D_NAD_1983_2011',SPHEROID['GRS_1980',6378137.0,298.257222101]],PRIMEM['Greenwich',0.0],UNIT['Degree',0.0174532925199433]],PROJECTION['Albers'],PARAMETER['False_Easting',0.0],PARAMETER['False_Northing',-4000000.0],PARAMETER['Central_Meridian',-120.0],PARAMETER['Standard_Parallel_1',34.0],PARAMETER['Standard_Parallel_2',40.5],PARAMETER['Latitude_Of_Origin',0.0],UNIT['Meter',1.0]] 'WGS_1984_(ITRF00)_To_NAD_1983 + WGS_1984_(ITRF08)_To_NAD_1983_2011' PROJCS['USA_Contiguous_Albers_Equal_Area_Conic_USGS_version',GEOGCS['GCS_North_American_1983',DATUM['D_North_American_1983',SPHEROID['GRS_1980',6378137.0,298.257222101]],PRIMEM['Greenwich',0.0],UNIT['Degree',0.0174532925199433]],PROJECTION['Albers'],PARAMETER['False_Easting',0.0],PARAMETER['False_Northing',0.0],PARAMETER['Central_Meridian',-96.0],PARAMETER['Standard_Parallel_1',29.5],PARAMETER['Standard_Parallel_2',45.5],PARAMETER['Latitude_Of_Origin',23.0],UNIT['Meter',1.0]] NO_PRESERVE_SHAPE # NO_VERTICAL</Process><Process ToolSource="c:\program files (x86)\arcgis\desktop10.8\ArcToolbox\Toolboxes\Conversion Tools.tbx\FeatureClassToFeatureClass" Date="20210224" Time="132211">FeatureClassToFeatureClass G:\Data\output_1.gdb\riparian_project G:\transfer_for_shiny riparian_project.shp # "Shape_Leng "Shape_Leng" false true true 8 Double 0 0 ,First,#,G:\Data\output_1.gdb\riparian_project,Shape_Length,-1,-1;Shape_Area "Shape_Area" false true true 8 Double 0 0 ,First,#,G:\Data\output_1.gdb\riparian_project,Shape_Area,-1,-1" #</Process></lineage></DataProperties><SyncDate>20210224</SyncDate><SyncTime>13220900</SyncTime><ModDate>20210224</ModDate><ModTime>13220900</ModTime></Esri><dataIdInfo><envirDesc Sync="TRUE"> Version 6.2 (Build 9200) ; Esri ArcGIS 10.8.0.12790</envirDesc><dataLang><languageCode value="eng" Sync="TRUE"></languageCode><countryCode value="USA" Sync="TRUE"></countryCode></dataLang><idCitation><resTitle Sync="TRUE">riparian_project</resTitle><presForm><PresFormCd value="005" Sync="TRUE"></PresFormCd></presForm></idCitation><spatRpType><SpatRepTypCd value="001" Sync="TRUE"></SpatRepTypCd></spatRpType></dataIdInfo><mdLang><languageCode value="eng" Sync="TRUE"></languageCode><countryCode value="USA" Sync="TRUE"></countryCode></mdLang><mdChar><CharSetCd value="004" Sync="TRUE"></CharSetCd></mdChar><distInfo><distFormat><formatName Sync="TRUE">Shapefile</formatName></distFormat><distTranOps><transSize Sync="TRUE">0.000</transSize></distTranOps></distInfo><mdHrLv><ScopeCd value="005" Sync="TRUE"></ScopeCd></mdHrLv><mdHrLvName Sync="TRUE">dataset</mdHrLvName><refSysInfo><RefSystem><refSysID><identCode code="6414" Sync="TRUE"></identCode><idCodeSpace Sync="TRUE">EPSG</idCodeSpace><idVersion Sync="TRUE">8.2.10(10.3.1)</idVersion></refSysID></RefSystem></refSysInfo><spatRepInfo><VectSpatRep><geometObjs Name="riparian_project"><geoObjTyp><GeoObjTypCd value="002" Sync="TRUE"></GeoObjTypCd></geoObjTyp><geoObjCnt Sync="TRUE">0</geoObjCnt></geometObjs><topLvl><TopoLevCd value="001" Sync="TRUE"></TopoLevCd></topLvl></VectSpatRep></spatRepInfo><spdoinfo><ptvctinf><esriterm Name="riparian_project"><efeatyp Sync="TRUE">Simple</efeatyp><efeageom code="4" Sync="TRUE"></efeageom><esritopo Sync="TRUE">FALSE</esritopo><efeacnt Sync="TRUE">0</efeacnt><spindex Sync="TRUE">FALSE</spindex><linrefer Sync="TRUE">FALSE</linrefer></esriterm></ptvctinf></spdoinfo><eainfo><detailed Name="riparian_project"><enttyp><enttypl Sync="TRUE">riparian_project</enttypl><enttypt Sync="TRUE">Feature Class</enttypt><enttypc Sync="TRUE">0</enttypc></enttyp><attr><attrlabl Sync="TRUE">FID</attrlabl><attalias Sync="TRUE">FID</attalias><attrtype Sync="TRUE">OID</attrtype><attwidth Sync="TRUE">4</attwidth><atprecis Sync="TRUE">0</atprecis><attscale Sync="TRUE">0</attscale><attrdef Sync="TRUE">Internal feature number.</attrdef><attrdefs Sync="TRUE">Esri</attrdefs><attrdomv><udom Sync="TRUE">Sequential unique whole numbers that are automatically generated.</udom></attrdomv></attr><attr><attrlabl Sync="TRUE">Shape</attrlabl><attalias Sync="TRUE">Shape</attalias><attrtype Sync="TRUE">Geometry</attrtype><attwidth Sync="TRUE">0</attwidth><atprecis Sync="TRUE">0</atprecis><attscale Sync="TRUE">0</attscale><attrdef Sync="TRUE">Feature geometry.</attrdef><attrdefs Sync="TRUE">Esri</attrdefs><attrdomv><udom Sync="TRUE">Coordinates defining the features.</udom></attrdomv></attr><attr><attrlabl Sync="TRUE">Shape_Leng</attrlabl><attalias Sync="TRUE">Shape_Leng</attalias><attrtype Sync="TRUE">Double</attrtype><attwidth Sync="TRUE">19</attwidth><atprecis Sync="TRUE">0</atprecis><attscale Sync="TRUE">0</attscale></attr><attr><attrlabl Sync="TRUE">Shape_Area</attrlabl><attalias Sync="TRUE">Shape_Area</attalias><attrtype Sync="TRUE">Double</attrtype><attwidth Sync="TRUE">19</attwidth><atprecis Sync="TRUE">0</atprecis><attscale Sync="TRUE">0</attscale><attrdef Sync="TRUE">Area of feature in internal units squared.</attrdef><attrdefs Sync="TRUE">Esri</attrdefs><attrdomv><udom Sync="TRUE">Positive real numbers that are automatically generated.</udom></attrdomv></attr></detailed></eainfo><mdDateSt Sync="TRUE">20210224</mdDateSt></metadata>
