<metadata xml:lang="en"><Esri><CreaDate>20201231</CreaDate><CreaTime>11280900</CreaTime><SyncOnce>FALSE</SyncOnce><SyncDate>20210224</SyncDate><SyncTime>13151700</SyncTime><ModDate>20210224</ModDate><ModTime>13151700</ModTime><DataProperties><itemProps><itemLocation><linkage Sync="TRUE">file://\\esm.ucsb.edu\groupprojects\GroupProjects2021\floodforward\transfer_for_shiny\county_boundary_project.shp</linkage><protocol Sync="TRUE">Local Area Network</protocol></itemLocation><itemName Sync="TRUE">county_boundary_project</itemName><imsContentType Sync="TRUE">002</imsContentType><itemSize Sync="TRUE">0.000</itemSize></itemProps><copyHistory><copy source="M:\Planning\pdd_Supervisorial_Districts" dest="\\rma-netapp1\Basemap\Planning\Madera_County_Complete (10.0)\commondata\data0\pdd_Supervisorial_Districts" date="20131001" time="15521200"/></copyHistory><coordRef><type Sync="TRUE">Projected</type><geogcsn Sync="TRUE">GCS_NAD_1983_2011</geogcsn><csUnits Sync="TRUE">Linear Unit: Meter (1.000000)</csUnits><projcsn Sync="TRUE">NAD_1983_2011_California_Teale_Albers</projcsn><peXml Sync="TRUE">&lt;ProjectedCoordinateSystem xsi:type='typens:ProjectedCoordinateSystem' xmlns:xsi='http://www.w3.org/2001/XMLSchema-instance' xmlns:xs='http://www.w3.org/2001/XMLSchema' xmlns:typens='http://www.esri.com/schemas/ArcGIS/10.8'&gt;&lt;WKT&gt;PROJCS[&amp;quot;NAD_1983_2011_California_Teale_Albers&amp;quot;,GEOGCS[&amp;quot;GCS_NAD_1983_2011&amp;quot;,DATUM[&amp;quot;D_NAD_1983_2011&amp;quot;,SPHEROID[&amp;quot;GRS_1980&amp;quot;,6378137.0,298.257222101]],PRIMEM[&amp;quot;Greenwich&amp;quot;,0.0],UNIT[&amp;quot;Degree&amp;quot;,0.0174532925199433]],PROJECTION[&amp;quot;Albers&amp;quot;],PARAMETER[&amp;quot;False_Easting&amp;quot;,0.0],PARAMETER[&amp;quot;False_Northing&amp;quot;,-4000000.0],PARAMETER[&amp;quot;Central_Meridian&amp;quot;,-120.0],PARAMETER[&amp;quot;Standard_Parallel_1&amp;quot;,34.0],PARAMETER[&amp;quot;Standard_Parallel_2&amp;quot;,40.5],PARAMETER[&amp;quot;Latitude_Of_Origin&amp;quot;,0.0],UNIT[&amp;quot;Meter&amp;quot;,1.0],AUTHORITY[&amp;quot;EPSG&amp;quot;,6414]]&lt;/WKT&gt;&lt;XOrigin&gt;-16909700&lt;/XOrigin&gt;&lt;YOrigin&gt;-8597000&lt;/YOrigin&gt;&lt;XYScale&gt;266332319.7555542&lt;/XYScale&gt;&lt;ZOrigin&gt;-100000&lt;/ZOrigin&gt;&lt;ZScale&gt;10000&lt;/ZScale&gt;&lt;MOrigin&gt;-100000&lt;/MOrigin&gt;&lt;MScale&gt;10000&lt;/MScale&gt;&lt;XYTolerance&gt;0.001&lt;/XYTolerance&gt;&lt;ZTolerance&gt;0.001&lt;/ZTolerance&gt;&lt;MTolerance&gt;0.001&lt;/MTolerance&gt;&lt;HighPrecision&gt;true&lt;/HighPrecision&gt;&lt;WKID&gt;102962&lt;/WKID&gt;&lt;LatestWKID&gt;6414&lt;/LatestWKID&gt;&lt;/ProjectedCoordinateSystem&gt;</peXml></coordRef><lineage><Process ToolSource="c:\program files (x86)\arcgis\desktop10.5\ArcToolbox\Toolboxes\Data Management Tools.tbx\CalculateField" Date="20170921" Time="134759">CalculateField Supervisor_Districts_Revised_2017_Final SUPERVISOR "Brett Frazier" VB #</Process><Process ToolSource="c:\program files (x86)\arcgis\desktop10.5\ArcToolbox\Toolboxes\Data Management Tools.tbx\CalculateField" Date="20170921" Time="134822">CalculateField Supervisor_Districts_Revised_2017_Final SUPERVISOR "Robert Poythress" VB #</Process><Process ToolSource="c:\program files (x86)\arcgis\desktop10.6\ArcToolbox\Toolboxes\Conversion Tools.tbx\FeatureClassToFeatureClass" Date="20181217" Time="092352">FeatureClassToFeatureClass M:\Planning\Online\Elections\SupervisorialDistricts_17.shp "Database Connections\Connection to VGC-GISDB1.sde" ELEC_SUPERVISORIAL_DIST # "OBJECTID "OBJECTID" true true false 10 Long 0 10 ,First,#,M:\Planning\Online\Elections\SupervisorialDistricts_17.shp,OBJECTID,-1,-1;AREA "AREA" true true false 19 Double 0 0 ,First,#,M:\Planning\Online\Elections\SupervisorialDistricts_17.shp,AREA,-1,-1;PERIMETER "PERIMETER" true true false 19 Double 0 0 ,First,#,M:\Planning\Online\Elections\SupervisorialDistricts_17.shp,PERIMETER,-1,-1;SUPER2_ "SUPER2_" true true false 19 Double 0 0 ,First,#,M:\Planning\Online\Elections\SupervisorialDistricts_17.shp,SUPER2_,-1,-1;SUPER2_ID "SUPER2_ID" true true false 19 Double 0 0 ,First,#,M:\Planning\Online\Elections\SupervisorialDistricts_17.shp,SUPER2_ID,-1,-1;MA_PCL_ "MA_PCL_" true true false 19 Double 0 0 ,First,#,M:\Planning\Online\Elections\SupervisorialDistricts_17.shp,MA_PCL_,-1,-1;MA_PCL_ID "MA_PCL_ID" true true false 19 Double 0 0 ,First,#,M:\Planning\Online\Elections\SupervisorialDistricts_17.shp,MA_PCL_ID,-1,-1;DISTRICT_N "DISTRICT_N" true true false 16 Text 0 0 ,First,#,M:\Planning\Online\Elections\SupervisorialDistricts_17.shp,DISTRICT_N,-1,-1;SUPERVISOR "SUPERVISOR" true true false 16 Text 0 0 ,First,#,M:\Planning\Online\Elections\SupervisorialDistricts_17.shp,SUPERVISOR,-1,-1;Shape_Leng "Shape_Leng" true true false 19 Double 0 0 ,First,#,M:\Planning\Online\Elections\SupervisorialDistricts_17.shp,Shape_Leng,-1,-1;Shape_Area "Shape_Area" true true false 19 Double 0 0 ,First,#,M:\Planning\Online\Elections\SupervisorialDistricts_17.shp,Shape_Area,-1,-1" #</Process><Process ToolSource="c:\program files (x86)\arcgis\desktop10.6\ArcToolbox\Toolboxes\Conversion Tools.tbx\FeatureClassToFeatureClass" Date="20190529" Time="162545">FeatureClassToFeatureClass "Database Connections\FullAccess@MCGIS.sde\MCGIS.DBO.ELEC_SUPERVISORIAL_DIST" "Database Connections\STAGE@MCGIS.sde" ELEC_SUPERVISORIAL_DIST # "OBJECTID "OBJECTID" true true false 4 Long 0 10 ,First,#,Database Connections\FullAccess@MCGIS.sde\MCGIS.DBO.ELEC_SUPERVISORIAL_DIST,OBJECTID,-1,-1;AREA "AREA" true true false 8 Double 8 38 ,First,#,Database Connections\FullAccess@MCGIS.sde\MCGIS.DBO.ELEC_SUPERVISORIAL_DIST,MCGIS.DBO.ELEC_SUPERVISORIAL_DIST.AREA,-1,-1;PERIMETER "PERIMETER" true true false 8 Double 8 38 ,First,#,Database Connections\FullAccess@MCGIS.sde\MCGIS.DBO.ELEC_SUPERVISORIAL_DIST,PERIMETER,-1,-1;SUPER2_ "SUPER2_" true true false 8 Double 8 38 ,First,#,Database Connections\FullAccess@MCGIS.sde\MCGIS.DBO.ELEC_SUPERVISORIAL_DIST,SUPER2_,-1,-1;SUPER2_ID "SUPER2_ID" true true false 8 Double 8 38 ,First,#,Database Connections\FullAccess@MCGIS.sde\MCGIS.DBO.ELEC_SUPERVISORIAL_DIST,SUPER2_ID,-1,-1;MA_PCL_ "MA_PCL_" true true false 8 Double 8 38 ,First,#,Database Connections\FullAccess@MCGIS.sde\MCGIS.DBO.ELEC_SUPERVISORIAL_DIST,MA_PCL_,-1,-1;MA_PCL_ID "MA_PCL_ID" true true false 8 Double 8 38 ,First,#,Database Connections\FullAccess@MCGIS.sde\MCGIS.DBO.ELEC_SUPERVISORIAL_DIST,MA_PCL_ID,-1,-1;DISTRICT_N "DISTRICT_N" true true false 16 Text 0 0 ,First,#,Database Connections\FullAccess@MCGIS.sde\MCGIS.DBO.ELEC_SUPERVISORIAL_DIST,DISTRICT_N,-1,-1;SUPERVISOR "SUPERVISOR" true true false 16 Text 0 0 ,First,#,Database Connections\FullAccess@MCGIS.sde\MCGIS.DBO.ELEC_SUPERVISORIAL_DIST,SUPERVISOR,-1,-1;Shape_Leng "Shape_Leng" true true false 8 Double 8 38 ,First,#,Database Connections\FullAccess@MCGIS.sde\MCGIS.DBO.ELEC_SUPERVISORIAL_DIST,Shape_Leng,-1,-1;Shape_STArea__ "Shape_STArea__" false false true 0 Double 0 0 ,First,#,Database Connections\FullAccess@MCGIS.sde\MCGIS.DBO.ELEC_SUPERVISORIAL_DIST,Shape.STArea(),-1,-1;Shape_STLength__ "Shape_STLength__" false false true 0 Double 0 0 ,First,#,Database Connections\FullAccess@MCGIS.sde\MCGIS.DBO.ELEC_SUPERVISORIAL_DIST,Shape.STLength(),-1,-1" #</Process><Process ToolSource="c:\program files (x86)\arcgis\desktop10.6\ArcToolbox\Toolboxes\Conversion Tools.tbx\FeatureClassToFeatureClass" Date="20190529" Time="162639">FeatureClassToFeatureClass "Database Connections\STAGE@MCGIS.sde\STAGE_MCGIS.DBO.ELEC_SUPERVISORIAL_DIST" "Database Connections\FullAccess@MCGIS.sde" ELEC_SUPERVISORIAL_DIST # "OBJECTID "OBJECTID" true true false 4 Long 0 10 ,First,#,Database Connections\STAGE@MCGIS.sde\STAGE_MCGIS.DBO.ELEC_SUPERVISORIAL_DIST,OBJECTID,-1,-1;AREA "AREA" true true false 8 Double 8 38 ,First,#,Database Connections\STAGE@MCGIS.sde\STAGE_MCGIS.DBO.ELEC_SUPERVISORIAL_DIST,STAGE_MCGIS.DBO.ELEC_SUPERVISORIAL_DIST.AREA,-1,-1;PERIMETER "PERIMETER" true true false 8 Double 8 38 ,First,#,Database Connections\STAGE@MCGIS.sde\STAGE_MCGIS.DBO.ELEC_SUPERVISORIAL_DIST,PERIMETER,-1,-1;SUPER2_ "SUPER2_" true true false 8 Double 8 38 ,First,#,Database Connections\STAGE@MCGIS.sde\STAGE_MCGIS.DBO.ELEC_SUPERVISORIAL_DIST,SUPER2_,-1,-1;SUPER2_ID "SUPER2_ID" true true false 8 Double 8 38 ,First,#,Database Connections\STAGE@MCGIS.sde\STAGE_MCGIS.DBO.ELEC_SUPERVISORIAL_DIST,SUPER2_ID,-1,-1;MA_PCL_ "MA_PCL_" true true false 8 Double 8 38 ,First,#,Database Connections\STAGE@MCGIS.sde\STAGE_MCGIS.DBO.ELEC_SUPERVISORIAL_DIST,MA_PCL_,-1,-1;MA_PCL_ID "MA_PCL_ID" true true false 8 Double 8 38 ,First,#,Database Connections\STAGE@MCGIS.sde\STAGE_MCGIS.DBO.ELEC_SUPERVISORIAL_DIST,MA_PCL_ID,-1,-1;DISTRICT_N "DISTRICT_N" true true false 16 Text 0 0 ,First,#,Database Connections\STAGE@MCGIS.sde\STAGE_MCGIS.DBO.ELEC_SUPERVISORIAL_DIST,DISTRICT_N,-1,-1;SUPERVISOR "SUPERVISOR" true true false 16 Text 0 0 ,First,#,Database Connections\STAGE@MCGIS.sde\STAGE_MCGIS.DBO.ELEC_SUPERVISORIAL_DIST,SUPERVISOR,-1,-1;Shape_Leng "Shape_Leng" true true false 8 Double 8 38 ,First,#,Database Connections\STAGE@MCGIS.sde\STAGE_MCGIS.DBO.ELEC_SUPERVISORIAL_DIST,Shape_Leng,-1,-1;Shape_STArea__ "Shape_STArea__" false false true 0 Double 0 0 ,First,#,Database Connections\STAGE@MCGIS.sde\STAGE_MCGIS.DBO.ELEC_SUPERVISORIAL_DIST,Shape.STArea(),-1,-1;Shape_STLength__ "Shape_STLength__" false false true 0 Double 0 0 ,First,#,Database Connections\STAGE@MCGIS.sde\STAGE_MCGIS.DBO.ELEC_SUPERVISORIAL_DIST,Shape.STLength(),-1,-1" #</Process><Process ToolSource="c:\program files (x86)\arcgis\desktop10.6\ArcToolbox\Toolboxes\Conversion Tools.tbx\FeatureClassToFeatureClass" Date="20190529" Time="162913">FeatureClassToFeatureClass "Database Connections\FullAccess@MCGIS.sde\MCGIS.DBO.ELEC_SUPERVISORIAL_DIST" "Database Connections\STAGE@MCGIS.sde" ASR_MADERA_COUNTY_LINE # "OBJECTID "OBJECTID" true true false 4 Long 0 10 ,First,#,Database Connections\FullAccess@MCGIS.sde\MCGIS.DBO.ELEC_SUPERVISORIAL_DIST,OBJECTID,-1,-1;AREA "AREA" true true false 8 Double 8 38 ,First,#,Database Connections\FullAccess@MCGIS.sde\MCGIS.DBO.ELEC_SUPERVISORIAL_DIST,MCGIS.DBO.ELEC_SUPERVISORIAL_DIST.AREA,-1,-1;PERIMETER "PERIMETER" true true false 8 Double 8 38 ,First,#,Database Connections\FullAccess@MCGIS.sde\MCGIS.DBO.ELEC_SUPERVISORIAL_DIST,PERIMETER,-1,-1;SUPER2_ "SUPER2_" true true false 8 Double 8 38 ,First,#,Database Connections\FullAccess@MCGIS.sde\MCGIS.DBO.ELEC_SUPERVISORIAL_DIST,SUPER2_,-1,-1;SUPER2_ID "SUPER2_ID" true true false 8 Double 8 38 ,First,#,Database Connections\FullAccess@MCGIS.sde\MCGIS.DBO.ELEC_SUPERVISORIAL_DIST,SUPER2_ID,-1,-1;MA_PCL_ "MA_PCL_" true true false 8 Double 8 38 ,First,#,Database Connections\FullAccess@MCGIS.sde\MCGIS.DBO.ELEC_SUPERVISORIAL_DIST,MA_PCL_,-1,-1;MA_PCL_ID "MA_PCL_ID" true true false 8 Double 8 38 ,First,#,Database Connections\FullAccess@MCGIS.sde\MCGIS.DBO.ELEC_SUPERVISORIAL_DIST,MA_PCL_ID,-1,-1;DISTRICT_N "DISTRICT_N" true true false 16 Text 0 0 ,First,#,Database Connections\FullAccess@MCGIS.sde\MCGIS.DBO.ELEC_SUPERVISORIAL_DIST,DISTRICT_N,-1,-1;SUPERVISOR "SUPERVISOR" true true false 16 Text 0 0 ,First,#,Database Connections\FullAccess@MCGIS.sde\MCGIS.DBO.ELEC_SUPERVISORIAL_DIST,SUPERVISOR,-1,-1;Shape_Leng "Shape_Leng" true true false 8 Double 8 38 ,First,#,Database Connections\FullAccess@MCGIS.sde\MCGIS.DBO.ELEC_SUPERVISORIAL_DIST,Shape_Leng,-1,-1;Shape_STArea__ "Shape_STArea__" false false true 0 Double 0 0 ,First,#,Database Connections\FullAccess@MCGIS.sde\MCGIS.DBO.ELEC_SUPERVISORIAL_DIST,Shape.STArea(),-1,-1;Shape_STLength__ "Shape_STLength__" false false true 0 Double 0 0 ,First,#,Database Connections\FullAccess@MCGIS.sde\MCGIS.DBO.ELEC_SUPERVISORIAL_DIST,Shape.STLength(),-1,-1" #</Process><Process ToolSource="c:\program files (x86)\arcgis\desktop10.6\ArcToolbox\Toolboxes\Conversion Tools.tbx\FeatureClassToFeatureClass" Date="20190529" Time="165123">FeatureClassToFeatureClass "Database Connections\STAGE@MCGIS.sde\STAGE_MCGIS.DBO.ASR_MADERA_COUNTY_LINE" "Database Connections\FullAccess@MCGIS.sde" ASR_MADERA_COUNTY_LINE # "AREA "AREA" true true false 8 Double 8 38 ,First,#,Database Connections\STAGE@MCGIS.sde\STAGE_MCGIS.DBO.ASR_MADERA_COUNTY_LINE,STAGE_MCGIS.DBO.ASR_MADERA_COUNTY_LINE.AREA,-1,-1;PERIMETER "PERIMETER" true true false 8 Double 8 38 ,First,#,Database Connections\STAGE@MCGIS.sde\STAGE_MCGIS.DBO.ASR_MADERA_COUNTY_LINE,PERIMETER,-1,-1;Shape_Leng "Shape_Leng" true true false 8 Double 8 38 ,First,#,Database Connections\STAGE@MCGIS.sde\STAGE_MCGIS.DBO.ASR_MADERA_COUNTY_LINE,Shape_Leng,-1,-1;NAME "NAME" true true false 50 Text 0 0 ,First,#,Database Connections\STAGE@MCGIS.sde\STAGE_MCGIS.DBO.ASR_MADERA_COUNTY_LINE,NAME,-1,-1;Shape_STArea__ "Shape_STArea__" false false true 0 Double 0 0 ,First,#,Database Connections\STAGE@MCGIS.sde\STAGE_MCGIS.DBO.ASR_MADERA_COUNTY_LINE,Shape.STArea(),-1,-1;Shape_STLength__ "Shape_STLength__" false false true 0 Double 0 0 ,First,#,Database Connections\STAGE@MCGIS.sde\STAGE_MCGIS.DBO.ASR_MADERA_COUNTY_LINE,Shape.STLength(),-1,-1" #</Process><Process ToolSource="c:\program files (x86)\arcgis\desktop10.6\ArcToolbox\Toolboxes\Conversion Tools.tbx\FeatureClassToFeatureClass" Date="20190530" Time="131048">FeatureClassToFeatureClass "Database Connections\FullAccess@MCGIS.sde\MCGIS.DBO.ASR_MADERA_COUNTY_LINE" "H:\GIS\Portal\Download Files" ASR_MADERA_COUNTY_LINE.shp # "AREA "AREA" true true false 8 Double 8 38 ,First,#,Database Connections\FullAccess@MCGIS.sde\MCGIS.DBO.ASR_MADERA_COUNTY_LINE,MCGIS.DBO.ASR_MADERA_COUNTY_LINE.AREA,-1,-1;PERIMETER "PERIMETER" true true false 8 Double 8 38 ,First,#,Database Connections\FullAccess@MCGIS.sde\MCGIS.DBO.ASR_MADERA_COUNTY_LINE,PERIMETER,-1,-1;Shape_Leng "Shape_Leng" true true false 8 Double 8 38 ,First,#,Database Connections\FullAccess@MCGIS.sde\MCGIS.DBO.ASR_MADERA_COUNTY_LINE,Shape_Leng,-1,-1;NAME "NAME" true true false 50 Text 0 0 ,First,#,Database Connections\FullAccess@MCGIS.sde\MCGIS.DBO.ASR_MADERA_COUNTY_LINE,NAME,-1,-1;COUNTY_NAM "COUNTY_NAM" true true false 50 Text 0 0 ,First,#,Database Connections\FullAccess@MCGIS.sde\MCGIS.DBO.ASR_MADERA_COUNTY_LINE,COUNTY_NAME,-1,-1;COUNTY_ABB "COUNTY_ABB" true true false 50 Text 0 0 ,First,#,Database Connections\FullAccess@MCGIS.sde\MCGIS.DBO.ASR_MADERA_COUNTY_LINE,COUNTY_ABB,-1,-1;COUNTY_FIP "COUNTY_FIP" true true false 50 Text 0 0 ,First,#,Database Connections\FullAccess@MCGIS.sde\MCGIS.DBO.ASR_MADERA_COUNTY_LINE,COUNTY_FIP,-1,-1;COUNTY_NUM "COUNTY_NUM" true true false 2 Short 0 5 ,First,#,Database Connections\FullAccess@MCGIS.sde\MCGIS.DBO.ASR_MADERA_COUNTY_LINE,COUNTY_NUM,-1,-1;COUNTY_COD "COUNTY_COD" true true false 2 Short 0 5 ,First,#,Database Connections\FullAccess@MCGIS.sde\MCGIS.DBO.ASR_MADERA_COUNTY_LINE,COUNTY_CODE,-1,-1;Population "Population" true true false 4 Long 0 10 ,First,#,Database Connections\FullAccess@MCGIS.sde\MCGIS.DBO.ASR_MADERA_COUNTY_LINE,Population,-1,-1;POP_YEAR "POP_YEAR" true true false 2 Short 0 5 ,First,#,Database Connections\FullAccess@MCGIS.sde\MCGIS.DBO.ASR_MADERA_COUNTY_LINE,POP_YEAR,-1,-1;Shape_STAr "Shape_STAr" false false true 0 Double 0 0 ,First,#,Database Connections\FullAccess@MCGIS.sde\MCGIS.DBO.ASR_MADERA_COUNTY_LINE,Shape.STArea(),-1,-1;Shape_STLe "Shape_STLe" false false true 0 Double 0 0 ,First,#,Database Connections\FullAccess@MCGIS.sde\MCGIS.DBO.ASR_MADERA_COUNTY_LINE,Shape.STLength(),-1,-1" #</Process><Process ToolSource="c:\program files (x86)\arcgis\desktop10.8\ArcToolbox\Toolboxes\Conversion Tools.tbx\FeatureClassToFeatureClass" Date="20201231" Time="112649">FeatureClassToFeatureClass "G:\Data\boundaries\Madera County Line\ASR_MADERA_COUNTY_LINE.shp" G:\Data\input_1.gdb county_boundary # "AREA "AREA" true true false 19 Double 8 18 ,First,#,G:\Data\boundaries\Madera County Line\ASR_MADERA_COUNTY_LINE.shp,AREA,-1,-1;PERIMETER "PERIMETER" true true false 19 Double 8 18 ,First,#,G:\Data\boundaries\Madera County Line\ASR_MADERA_COUNTY_LINE.shp,PERIMETER,-1,-1;Shape_Leng "Shape_Leng" true true false 19 Double 8 18 ,First,#,G:\Data\boundaries\Madera County Line\ASR_MADERA_COUNTY_LINE.shp,Shape_Leng,-1,-1;NAME "NAME" true true false 50 Text 0 0 ,First,#,G:\Data\boundaries\Madera County Line\ASR_MADERA_COUNTY_LINE.shp,NAME,-1,-1;COUNTY_NAM "COUNTY_NAM" true true false 50 Text 0 0 ,First,#,G:\Data\boundaries\Madera County Line\ASR_MADERA_COUNTY_LINE.shp,COUNTY_NAM,-1,-1;COUNTY_ABB "COUNTY_ABB" true true false 50 Text 0 0 ,First,#,G:\Data\boundaries\Madera County Line\ASR_MADERA_COUNTY_LINE.shp,COUNTY_ABB,-1,-1;COUNTY_FIP "COUNTY_FIP" true true false 50 Text 0 0 ,First,#,G:\Data\boundaries\Madera County Line\ASR_MADERA_COUNTY_LINE.shp,COUNTY_FIP,-1,-1;COUNTY_NUM "COUNTY_NUM" true true false 5 Long 0 5 ,First,#,G:\Data\boundaries\Madera County Line\ASR_MADERA_COUNTY_LINE.shp,COUNTY_NUM,-1,-1;COUNTY_COD "COUNTY_COD" true true false 5 Long 0 5 ,First,#,G:\Data\boundaries\Madera County Line\ASR_MADERA_COUNTY_LINE.shp,COUNTY_COD,-1,-1;Population "Population" true true false 10 Long 0 10 ,First,#,G:\Data\boundaries\Madera County Line\ASR_MADERA_COUNTY_LINE.shp,Population,-1,-1;POP_YEAR "POP_YEAR" true true false 5 Long 0 5 ,First,#,G:\Data\boundaries\Madera County Line\ASR_MADERA_COUNTY_LINE.shp,POP_YEAR,-1,-1;Shape_STAr "Shape_STAr" true true false 19 Double 0 0 ,First,#,G:\Data\boundaries\Madera County Line\ASR_MADERA_COUNTY_LINE.shp,Shape_STAr,-1,-1;Shape_STLe "Shape_STLe" true true false 19 Double 0 0 ,First,#,G:\Data\boundaries\Madera County Line\ASR_MADERA_COUNTY_LINE.shp,Shape_STLe,-1,-1" #</Process><Process Name="Project (4)" ToolSource="c:\program files (x86)\arcgis\desktop10.8\ArcToolbox\Toolboxes\Data Management Tools.tbx\Project" Date="20201231" Time="112809">Project G:\Data\input_1.gdb\county_boundary G:\Data\output_1.gdb\county_boundary_project PROJCS['NAD_1983_2011_California_Teale_Albers',GEOGCS['GCS_NAD_1983_2011',DATUM['D_NAD_1983_2011',SPHEROID['GRS_1980',6378137.0,298.257222101]],PRIMEM['Greenwich',0.0],UNIT['Degree',0.0174532925199433]],PROJECTION['Albers'],PARAMETER['False_Easting',0.0],PARAMETER['False_Northing',-4000000.0],PARAMETER['Central_Meridian',-120.0],PARAMETER['Standard_Parallel_1',34.0],PARAMETER['Standard_Parallel_2',40.5],PARAMETER['Latitude_Of_Origin',0.0],UNIT['Meter',1.0]] 'WGS_1984_(ITRF00)_To_NAD_1983 + WGS_1984_(ITRF08)_To_NAD_1983_2011' PROJCS['NAD_1983_StatePlane_California_III_FIPS_0403_Feet',GEOGCS['GCS_North_American_1983',DATUM['D_North_American_1983',SPHEROID['GRS_1980',6378137.0,298.257222101]],PRIMEM['Greenwich',0.0],UNIT['Degree',0.0174532925199433]],PROJECTION['Lambert_Conformal_Conic'],PARAMETER['False_Easting',6561666.666666666],PARAMETER['False_Northing',1640416.666666667],PARAMETER['Central_Meridian',-120.5],PARAMETER['Standard_Parallel_1',37.06666666666667],PARAMETER['Standard_Parallel_2',38.43333333333333],PARAMETER['Latitude_Of_Origin',36.5],UNIT['Foot_US',0.3048006096012192]] NO_PRESERVE_SHAPE # NO_VERTICAL</Process><Process ToolSource="c:\program files (x86)\arcgis\desktop10.8\ArcToolbox\Toolboxes\Conversion Tools.tbx\FeatureClassToFeatureClass" Date="20210224" Time="131518">FeatureClassToFeatureClass G:\Data\output_1.gdb\county_boundary_project G:\transfer_for_shiny county_boundary_project.shp # "AREA "AREA" true true false 8 Double 0 0 ,First,#,G:\Data\output_1.gdb\county_boundary_project,AREA,-1,-1;PERIMETER "PERIMETER" true true false 8 Double 0 0 ,First,#,G:\Data\output_1.gdb\county_boundary_project,PERIMETER,-1,-1;Shape_Leng "Shape_Leng" true true false 8 Double 0 0 ,First,#,G:\Data\output_1.gdb\county_boundary_project,Shape_Leng,-1,-1;NAME "NAME" true true false 50 Text 0 0 ,First,#,G:\Data\output_1.gdb\county_boundary_project,NAME,-1,-1;COUNTY_NAM "COUNTY_NAM" true true false 50 Text 0 0 ,First,#,G:\Data\output_1.gdb\county_boundary_project,COUNTY_NAM,-1,-1;COUNTY_ABB "COUNTY_ABB" true true false 50 Text 0 0 ,First,#,G:\Data\output_1.gdb\county_boundary_project,COUNTY_ABB,-1,-1;COUNTY_FIP "COUNTY_FIP" true true false 50 Text 0 0 ,First,#,G:\Data\output_1.gdb\county_boundary_project,COUNTY_FIP,-1,-1;COUNTY_NUM "COUNTY_NUM" true true false 4 Long 0 0 ,First,#,G:\Data\output_1.gdb\county_boundary_project,COUNTY_NUM,-1,-1;COUNTY_COD "COUNTY_COD" true true false 4 Long 0 0 ,First,#,G:\Data\output_1.gdb\county_boundary_project,COUNTY_COD,-1,-1;Population "Population" true true false 4 Long 0 0 ,First,#,G:\Data\output_1.gdb\county_boundary_project,Population,-1,-1;POP_YEAR "POP_YEAR" true true false 4 Long 0 0 ,First,#,G:\Data\output_1.gdb\county_boundary_project,POP_YEAR,-1,-1;Shape_STAr "Shape_STAr" true true false 8 Double 0 0 ,First,#,G:\Data\output_1.gdb\county_boundary_project,Shape_STAr,-1,-1;Shape_STLe "Shape_STLe" true true false 8 Double 0 0 ,First,#,G:\Data\output_1.gdb\county_boundary_project,Shape_STLe,-1,-1;Shape_Le_1 "Shape_Le_1" false true true 8 Double 0 0 ,First,#,G:\Data\output_1.gdb\county_boundary_project,Shape_Length,-1,-1;Shape_Area "Shape_Area" false true true 8 Double 0 0 ,First,#,G:\Data\output_1.gdb\county_boundary_project,Shape_Area,-1,-1" #</Process></lineage></DataProperties><ArcGISFormat>1.0</ArcGISFormat></Esri><idinfo><native Sync="TRUE">Microsoft Windows XP Version 5.1 (Build 2600) Service Pack 2; ESRI ArcCatalog 9.1.0.722</native><descript><langdata Sync="TRUE">en</langdata><abstract>REQUIRED: A brief narrative summary of the data set.</abstract><purpose>REQUIRED: A summary of the intentions with which the data set was developed.</purpose></descript><citation><citeinfo><origin>REQUIRED: The name of an organization or individual that developed the data set.</origin><pubdate>REQUIRED: The date when the data set is published or otherwise made available for release.</pubdate><title Sync="TRUE">super2001</title><ftname Sync="TRUE">super2001</ftname><geoform Sync="TRUE">vector digital data</geoform><onlink Sync="TRUE"/></citeinfo></citation><timeperd><current>REQUIRED: The basis on which the time period of content information is determined.</current><timeinfo><sngdate><caldate>REQUIRED: The year (and optionally month, or month and day) for which the data set corresponds to the ground.</caldate></sngdate></timeinfo></timeperd><status><progress>REQUIRED: The state of the data set.</progress><update>REQUIRED: The frequency with which changes and additions are made to the data set after the initial data set is completed.</update></status><spdom><bounding><westbc Sync="TRUE">REQUIRED: Western-most coordinate of the limit of coverage expressed in longitude.</westbc><eastbc Sync="TRUE">REQUIRED: Eastern-most coordinate of the limit of coverage expressed in longitude.</eastbc><northbc Sync="TRUE">REQUIRED: Northern-most coordinate of the limit of coverage expressed in latitude.</northbc><southbc Sync="TRUE">REQUIRED: Southern-most coordinate of the limit of coverage expressed in latitude.</southbc></bounding><lboundng><leftbc Sync="TRUE">6548535.000004</leftbc><rightbc Sync="TRUE">6989606.499994</rightbc><bottombc Sync="TRUE">1736323.374947</bottombc><topbc Sync="TRUE">2108009.249994</topbc></lboundng></spdom><keywords><theme><themekt>REQUIRED: Reference to a formally registered thesaurus or a similar authoritative source of theme keywords.</themekt><themekey>REQUIRED: Common-use word or phrase used to describe the subject of the data set.</themekey></theme></keywords><accconst>REQUIRED: Restrictions and legal prerequisites for accessing the data set.</accconst><useconst>REQUIRED: Restrictions and legal prerequisites for using the data set after access is granted.</useconst><natvform Sync="TRUE">Shapefile</natvform></idinfo><dataIdInfo><envirDesc Sync="TRUE"> Version 6.2 (Build 9200) ; Esri ArcGIS 10.8.0.12790</envirDesc><dataLang><languageCode Sync="TRUE" value="eng"/><countryCode value="USA" Sync="TRUE"/></dataLang><idCitation><resTitle Sync="TRUE">county_boundary_project</resTitle><presForm><PresFormCd Sync="TRUE" value="005"/></presForm></idCitation><spatRpType><SpatRepTypCd Sync="TRUE" value="001"/></spatRpType><dataExt><geoEle><GeoBndBox esriExtentType="native"><westBL Sync="TRUE">6548535.000004</westBL><eastBL Sync="TRUE">6989606.499994</eastBL><northBL Sync="TRUE">2108009.249994</northBL><southBL Sync="TRUE">1736323.374947</southBL><exTypeCode Sync="TRUE">1</exTypeCode></GeoBndBox></geoEle></dataExt></dataIdInfo><metainfo><langmeta Sync="TRUE">en</langmeta><metstdn Sync="TRUE">FGDC Content Standards for Digital Geospatial Metadata</metstdn><metstdv Sync="TRUE">FGDC-STD-001-1998</metstdv><mettc Sync="TRUE">local time</mettc><metc><cntinfo><cntorgp><cntper>REQUIRED: The person responsible for the metadata information.</cntper><cntorg>REQUIRED: The organization responsible for the metadata information.</cntorg></cntorgp><cntaddr><addrtype>REQUIRED: The mailing and/or physical address for the organization or individual.</addrtype><city>REQUIRED: The city of the address.</city><state>REQUIRED: The state or province of the address.</state><postal>REQUIRED: The ZIP or other postal code of the address.</postal></cntaddr><cntvoice>REQUIRED: The telephone number by which individuals can speak to the organization or individual.</cntvoice></cntinfo></metc><metd Sync="TRUE">20070517</metd></metainfo><mdLang><languageCode Sync="TRUE" value="eng"/><countryCode value="USA" Sync="TRUE"/></mdLang><mdStanName Sync="TRUE">ISO 19115 Geographic Information - Metadata</mdStanName><mdStanVer Sync="TRUE">DIS_ESRI1.0</mdStanVer><mdChar><CharSetCd Sync="TRUE" value="004"/></mdChar><mdHrLv><ScopeCd Sync="TRUE" value="005"/></mdHrLv><mdHrLvName Sync="TRUE">dataset</mdHrLvName><distinfo><resdesc Sync="TRUE">Downloadable Data</resdesc><stdorder><digform><digtinfo><transize Sync="TRUE">0.096</transize><dssize Sync="TRUE">0.096</dssize></digtinfo></digform></stdorder></distinfo><distInfo><distributor><distorTran><onLineSrc><orDesc Sync="TRUE">002</orDesc><linkage Sync="TRUE">file://</linkage><protocol Sync="TRUE">Local Area Network</protocol></onLineSrc><transSize Sync="TRUE">0.096</transSize></distorTran><distorFormat><formatName Sync="TRUE">Shapefile</formatName></distorFormat></distributor><distFormat><formatName Sync="TRUE">Shapefile</formatName></distFormat><distTranOps><transSize Sync="TRUE">0.000</transSize></distTranOps></distInfo><spdoinfo><direct Sync="TRUE">Vector</direct><ptvctinf><esriterm Name="county_boundary_project"><efeatyp Sync="TRUE">Simple</efeatyp><efeageom code="4" Sync="TRUE"></efeageom><esritopo Sync="TRUE">FALSE</esritopo><efeacnt Sync="TRUE">0</efeacnt><spindex Sync="TRUE">FALSE</spindex><linrefer Sync="TRUE">FALSE</linrefer></esriterm></ptvctinf></spdoinfo><spatRepInfo><VectSpatRep><geometObjs Name="county_boundary_project"><geoObjTyp><GeoObjTypCd value="002" Sync="TRUE"></GeoObjTypCd></geoObjTyp><geoObjCnt Sync="TRUE">0</geoObjCnt></geometObjs><topLvl><TopoLevCd value="001" Sync="TRUE"></TopoLevCd></topLvl></VectSpatRep></spatRepInfo><eainfo><detailed Name="county_boundary_project"><enttyp><enttypl Sync="TRUE">county_boundary_project</enttypl><enttypt Sync="TRUE">Feature Class</enttypt><enttypc Sync="TRUE">0</enttypc></enttyp><attr><attrlabl Sync="TRUE">FID</attrlabl><attalias Sync="TRUE">FID</attalias><attrtype Sync="TRUE">OID</attrtype><attwidth Sync="TRUE">4</attwidth><atprecis Sync="TRUE">0</atprecis><attscale Sync="TRUE">0</attscale><attrdef Sync="TRUE">Internal feature number.</attrdef><attrdefs Sync="TRUE">Esri</attrdefs><attrdomv><udom Sync="TRUE">Sequential unique whole numbers that are automatically generated.</udom></attrdomv></attr><attr><attrlabl Sync="TRUE">Shape</attrlabl><attalias Sync="TRUE">Shape</attalias><attrtype Sync="TRUE">Geometry</attrtype><attwidth Sync="TRUE">0</attwidth><atprecis Sync="TRUE">0</atprecis><attscale Sync="TRUE">0</attscale><attrdef Sync="TRUE">Feature geometry.</attrdef><attrdefs Sync="TRUE">ESRI</attrdefs><attrdomv><udom Sync="TRUE">Coordinates defining the features.</udom></attrdomv></attr><attr><attrlabl Sync="TRUE">AREA</attrlabl><attalias Sync="TRUE">AREA</attalias><attrtype Sync="TRUE">Double</attrtype><attwidth Sync="TRUE">19</attwidth><atprecis Sync="TRUE">0</atprecis><attscale Sync="TRUE">0</attscale></attr><attr><attrlabl Sync="TRUE">NAME</attrlabl><attalias Sync="TRUE">NAME</attalias><attrtype Sync="TRUE">String</attrtype><attwidth Sync="TRUE">50</attwidth><atprecis Sync="TRUE">0</atprecis><attscale Sync="TRUE">0</attscale></attr><attr><attrlabl Sync="TRUE">PERIMETER</attrlabl><attalias Sync="TRUE">PERIMETER</attalias><attrtype Sync="TRUE">Double</attrtype><attwidth Sync="TRUE">19</attwidth><atprecis Sync="TRUE">0</atprecis><attscale Sync="TRUE">0</attscale></attr><attr><attrlabl Sync="TRUE">Shape_Leng</attrlabl><attalias Sync="TRUE">Shape_Leng</attalias><attrtype Sync="TRUE">Double</attrtype><attwidth Sync="TRUE">19</attwidth><atprecis Sync="TRUE">0</atprecis><attscale Sync="TRUE">0</attscale></attr><attr><attrlabl Sync="TRUE">COUNTY_NAM</attrlabl><attalias Sync="TRUE">COUNTY_NAM</attalias><attrtype Sync="TRUE">String</attrtype><attwidth Sync="TRUE">50</attwidth><atprecis Sync="TRUE">0</atprecis><attscale Sync="TRUE">0</attscale></attr><attr><attrlabl Sync="TRUE">COUNTY_ABB</attrlabl><attalias Sync="TRUE">COUNTY_ABB</attalias><attrtype Sync="TRUE">String</attrtype><attwidth Sync="TRUE">50</attwidth><atprecis Sync="TRUE">0</atprecis><attscale Sync="TRUE">0</attscale></attr><attr><attrlabl Sync="TRUE">COUNTY_FIP</attrlabl><attalias Sync="TRUE">COUNTY_FIP</attalias><attrtype Sync="TRUE">String</attrtype><attwidth Sync="TRUE">50</attwidth><atprecis Sync="TRUE">0</atprecis><attscale Sync="TRUE">0</attscale></attr><attr><attrlabl Sync="TRUE">COUNTY_NUM</attrlabl><attalias Sync="TRUE">COUNTY_NUM</attalias><attrtype Sync="TRUE">Integer</attrtype><attwidth Sync="TRUE">10</attwidth><atprecis Sync="TRUE">10</atprecis><attscale Sync="TRUE">0</attscale></attr><attr><attrlabl Sync="TRUE">COUNTY_COD</attrlabl><attalias Sync="TRUE">COUNTY_COD</attalias><attrtype Sync="TRUE">Integer</attrtype><attwidth Sync="TRUE">10</attwidth><atprecis Sync="TRUE">10</atprecis><attscale Sync="TRUE">0</attscale></attr><attr><attrlabl Sync="TRUE">Population</attrlabl><attalias Sync="TRUE">Population</attalias><attrtype Sync="TRUE">Integer</attrtype><attwidth Sync="TRUE">10</attwidth><atprecis Sync="TRUE">10</atprecis><attscale Sync="TRUE">0</attscale></attr><attr><attrlabl Sync="TRUE">POP_YEAR</attrlabl><attalias Sync="TRUE">POP_YEAR</attalias><attrtype Sync="TRUE">Integer</attrtype><attwidth Sync="TRUE">10</attwidth><atprecis Sync="TRUE">10</atprecis><attscale Sync="TRUE">0</attscale></attr><attr><attrlabl Sync="TRUE">Shape_STAr</attrlabl><attalias Sync="TRUE">Shape_STAr</attalias><attrtype Sync="TRUE">Double</attrtype><attwidth Sync="TRUE">19</attwidth><atprecis Sync="TRUE">0</atprecis><attscale Sync="TRUE">0</attscale></attr><attr><attrlabl Sync="TRUE">Shape_STLe</attrlabl><attalias Sync="TRUE">Shape_STLe</attalias><attrtype Sync="TRUE">Double</attrtype><attwidth Sync="TRUE">19</attwidth><atprecis Sync="TRUE">0</atprecis><attscale Sync="TRUE">0</attscale></attr><attr><attrlabl Sync="TRUE">Shape_Le_1</attrlabl><attalias Sync="TRUE">Shape_Le_1</attalias><attrtype Sync="TRUE">Double</attrtype><attwidth Sync="TRUE">19</attwidth><atprecis Sync="TRUE">0</atprecis><attscale Sync="TRUE">0</attscale></attr><attr><attrlabl Sync="TRUE">Shape_Area</attrlabl><attalias Sync="TRUE">Shape_Area</attalias><attrtype Sync="TRUE">Double</attrtype><attwidth Sync="TRUE">19</attwidth><atprecis Sync="TRUE">0</atprecis><attscale Sync="TRUE">0</attscale><attrdef Sync="TRUE">Area of feature in internal units squared.</attrdef><attrdefs Sync="TRUE">Esri</attrdefs><attrdomv><udom Sync="TRUE">Positive real numbers that are automatically generated.</udom></attrdomv></attr></detailed></eainfo><mdDateSt Sync="TRUE">20210224</mdDateSt><dataqual><lineage><procstep><procdesc Sync="TRUE">Dataset copied.</procdesc><srcused Sync="TRUE"/><procdate Sync="TRUE">20110602</procdate><proctime Sync="TRUE">15475900</proctime></procstep><procstep><procdesc Sync="TRUE">Dataset copied.</procdesc><srcused Sync="TRUE"/><procdate Sync="TRUE">20110603</procdate><proctime Sync="TRUE">11510200</proctime></procstep><procstep><procdesc Sync="TRUE">Dataset copied.</procdesc><srcused Sync="TRUE"/><procdate Sync="TRUE">20110622</procdate><proctime Sync="TRUE">16124100</proctime></procstep><procstep><procdesc Sync="TRUE">Dataset copied.</procdesc><srcused Sync="TRUE"/><procdate Sync="TRUE">20111205</procdate><proctime Sync="TRUE">15170000</proctime></procstep></lineage></dataqual><refSysInfo><RefSystem><refSysID><identCode code="6414" Sync="TRUE"/><idCodeSpace Sync="TRUE">EPSG</idCodeSpace><idVersion Sync="TRUE">8.2.10(10.3.1)</idVersion></refSysID></RefSystem></refSysInfo></metadata>
